feed_id,player_id,first_name,last_name,team_abbrev,pos,pos2,projected_points,points,user_team_id,picked,position
293957,151,Brodie,Grundy,COL,RUC,NA,NA,0,186,TRUE,RUC
290528,469,Max,Gawn,MEL,RUC,NA,NA,0,33301,TRUE,RUC
295467,755,Jack,Macrae,WBD,MID,NA,NA,0,33301,TRUE,MID
293535,76,Lachie,Neale,BRL,MID,NA,NA,0,5524,TRUE,MID
291570,244,Nat,Fyfe,FRE,MID,NA,NA,0,9867,TRUE,MID
296347,397,Josh,Kelly,GWS,MID,NA,NA,0,186,TRUE,MID
990704,94,Patrick,Cripps,CAR,MID,NA,NA,0,9806,TRUE,MID
993834,738,Josh,Dunkley,WBD,MID,NA,NA,0,9806,TRUE,MID
291856,440,Tom,Mitchell,HAW,MID,NA,NA,0,33301,TRUE,MID
270917,335,Patrick,Dangerfield,GEE,MID,NA,NA,0,33301,TRUE,MID
297373,729,Marcus,Bontempelli,WBD,MID,NA,NA,0,189,FALSE,MID
291790,178,Adam,Treloar,COL,MID,NA,NA,0,9806,FALSE,MID
271129,519,Todd,Goldstein,NTH,RUC,NA,NA,0,9856,FALSE,RUC
294305,414,Lachie,Whitfield,GWS,FWD,MID,NA,0,182,TRUE,FWD
992468,668,Rowan,Marshall,STK,RUC,NA,NA,0,189,FALSE,RUC
996701,490,Clayton,Oliver,MEL,MID,NA,NA,0,189,TRUE,MID
295342,703,Jake,Lloyd,SYD,DEF,NA,NA,0,5524,TRUE,DEF
292128,816,Elliot,Yeo,WCE,MID,NA,NA,0,9867,FALSE,MID
290801,787,Andrew,Gaff,WCE,MID,NA,NA,0,182,TRUE,MID
250365,553,Travis,Boak,PTA,MID,NA,NA,0,5524,FALSE,MID
261224,90,Dayne,Zorko,BRL,MID,NA,NA,0,9856,TRUE,MID
260382,700,Josh P.,Kennedy,SYD,MID,NA,NA,0,182,TRUE,MID
992016,211,Zach,Merrett,ESS,MID,NA,NA,0,182,TRUE,MID
250312,616,Bachar,Houli,RIC,DEF,NA,NA,0,9806,TRUE,DEF
290778,714,Luke,Parker,SYD,MID,NA,NA,0,9867,TRUE,MID
260257,165,Scott,Pendlebury,COL,MID,NA,NA,0,186,TRUE,MID
297401,6,Matt,Crouch,ADE,MID,NA,NA,0,186,TRUE,MID
240283,789,Shannon,Hurn,WCE,DEF,NA,NA,0,9806,TRUE,DEF
295898,794,Tim,Kelly,WCE,MID,NA,NA,0,186,TRUE,MID
281065,337,Mitch,Duncan,GEE,MID,NA,NA,0,189,FALSE,MID
270963,36,Rory,Sloane,ADE,MID,NA,NA,0,5524,TRUE,MID
998172,411,Tim,Taranto,GWS,MID,NA,NA,0,5524,TRUE,MID
280921,513,Ben,Cunnington,NTH,MID,NA,NA,0,NA,NA,NA
294685,415,Zac,Williams,GWS,DEF,NA,NA,0,189,TRUE,DEF
290746,578,Scott,Lycett,PTA,RUC,NA,NA,0,9806,TRUE,RUC
290627,628,Dion,Prestia,RIC,MID,NA,NA,0,NA,NA,NA
291969,378,Stephen,Coniglio,GWS,MID,NA,NA,0,9867,TRUE,MID
280078,809,Luke,Shuey,WCE,MID,NA,NA,0,186,TRUE,MID
281007,270,Michael,Walters,FRE,FWD,MID,NA,0,9856,TRUE,FWD
290847,620,Dustin,Martin,RIC,FWD,MID,NA,0,9806,TRUE,FWD
291975,323,Jarrod,Witts,GCS,RUC,NA,NA,0,182,FALSE,RUC
295136,736,Caleb,Daniel,WBD,DEF,NA,NA,0,9867,TRUE,DEF
293716,67,Jarryd,Lyons,BRL,MID,NA,NA,0,9806,TRUE,MID
294307,5,Brad,Crouch,ADE,MID,NA,NA,0,33301,TRUE,MID
291800,366,Tom,Stewart,GEE,DEF,NA,NA,0,9806,FALSE,DEF
293846,676,Sebastian,Ross,STK,MID,NA,NA,0,NA,NA,NA
291783,219,Dylan,Shiel,ESS,MID,NA,NA,0,9867,TRUE,MID
261299,108,Matthew,Kreuzer,CAR,RUC,NA,NA,0,NA,NA,NA
290307,715,Dane,Rampe,SYD,DEF,NA,NA,0,NA,NA,NA
1002222,460,James,Worpel,HAW,MID,NA,NA,0,186,TRUE,MID
293222,21,Rory,Laird,ADE,DEF,NA,NA,0,5524,TRUE,DEF
271072,80,Daniel,Rich,BRL,DEF,NA,NA,0,189,TRUE,DEF
291776,136,Taylor,Adams,COL,MID,NA,NA,0,9856,TRUE,MID
297907,116,Nic,Newman,CAR,DEF,NA,NA,0,NA,NA,NA
998659,261,Luke,Ryan,FRE,DEF,NA,NA,0,186,TRUE,DEF
993903,392,Jacob,Hopper,GWS,MID,NA,NA,0,33301,TRUE,MID
220001,325,Gary,Ablett,GEE,FWD,NA,NA,0,NA,NA,NA
297523,30,Reilly,O'Brien,ADE,RUC,NA,NA,0,5524,TRUE,RUC
294557,746,Lachie,Hunter,WBD,MID,NA,NA,0,5524,FALSE,MID
297899,471,James,Harmes,MEL,MID,NA,NA,0,NA,NA,NA
296296,807,Dom,Sheed,WCE,MID,NA,NA,0,189,TRUE,MID
296205,680,Jack,Steele,STK,MID,NA,NA,0,186,FALSE,MID
260227,522,Shaun,Higgins,NTH,MID,NA,NA,0,9856,TRUE,MID
291201,430,Ricky,Henderson,HAW,MID,NA,NA,0,NA,NA,NA
290629,197,Dyson,Heppell,ESS,MID,NA,NA,0,9806,TRUE,MID
290311,82,Mitch,Robinson,BRL,MID,NA,NA,0,189,TRUE,MID
280965,173,Steele,Sidebottom,COL,MID,NA,NA,0,NA,NA,NA
280109,413,Callan,Ward,GWS,MID,NA,NA,0,NA,NA,NA
1000978,72,Hugh,McCluggage,BRL,MID,NA,NA,0,9867,TRUE,MID
298539,698,Isaac,Heeney,SYD,FWD,MID,NA,0,NA,NA,NA
295344,387,Toby,Greene,GWS,FWD,NA,NA,0,33301,TRUE,FWD
297566,455,James,Sicily,HAW,DEF,NA,NA,0,NA,NA,NA
296351,643,Jack,Billings,STK,MID,NA,NA,0,33301,TRUE,MID
293479,59,Cameron,Ellis-Yolmen,BRL,MID,NA,NA,0,NA,NA,NA
294429,653,Luke,Dunstan,STK,MID,NA,NA,0,NA,NA,NA
293845,377,Jeremy,Cameron,GWS,FWD,NA,NA,0,5524,TRUE,FWD
261323,439,Ben,McEvoy,HAW,RUC,NA,NA,0,5524,FALSE,RUC
280763,69,Stefan,Martin,BRL,RUC,NA,NA,0,NA,NA,NA
294674,637,Nick,Vlastuin,RIC,DEF,NA,NA,0,9856,TRUE,DEF
270919,587,Tom,Rockliff,PTA,MID,NA,NA,0,33301,TRUE,MID
280944,548,Jack,Ziebell,NTH,FWD,MID,NA,0,NA,NA,NA
270146,97,Ed,Curnow,CAR,MID,NA,NA,0,5524,TRUE,MID
250105,115,Marc,Murphy,CAR,MID,NA,NA,0,9867,FALSE,MID
296359,495,Christian,Salem,MEL,DEF,NA,NA,0,9867,TRUE,DEF
294613,446,Jaeger,O'Meara,HAW,MID,NA,NA,0,5524,TRUE,MID
281373,802,Jack,Redden,WCE,MID,NA,NA,0,189,TRUE,MID
994295,574,Dan,Houston,PTA,DEF,MID,NA,0,186,FALSE,DEF
240052,256,David,Mundy,FRE,MID,NA,NA,0,9856,TRUE,MID
293871,146,Jack,Crisp,COL,DEF,NA,NA,0,5524,TRUE,DEF
291748,37,Brodie,Smith,ADE,DEF,NA,NA,0,182,TRUE,DEF
298524,322,Lachie,Weller,GCS,DEF,NA,NA,0,189,TRUE,DEF
294318,593,Ollie,Wines,PTA,MID,NA,NA,0,182,FALSE,MID
290832,319,David,Swallow,GCS,MID,NA,NA,0,5524,TRUE,MID
290032,617,Kane,Lambert,RIC,FWD,NA,NA,0,189,TRUE,FWD
294036,699,George,Hewett,SYD,MID,NA,NA,0,NA,NA,NA
993799,289,Brayden,Fiorini,GCS,MID,NA,NA,0,NA,NA,NA
290738,534,Jared,Polec,NTH,MID,NA,NA,0,NA,NA,NA
294859,796,Jeremy,McGovern,WCE,DEF,NA,NA,0,9856,TRUE,DEF
295265,389,Nick,Haynes,GWS,DEF,NA,NA,0,9856,TRUE,DEF
994185,148,Jordan,De Goey,COL,FWD,NA,NA,0,NA,NA,NA
991930,559,Darcy,Byrne-Jones,PTA,DEF,NA,NA,0,NA,NA,NA
990740,251,Rory,Lobb,FRE,RUC,NA,NA,0,NA,NA,NA
1006094,133,Sam,Walsh,CAR,MID,NA,NA,0,9856,TRUE,MID
280737,454,Liam,Shiels,HAW,MID,NA,NA,0,NA,NA,NA
293713,286,Brandon,Ellis,GCS,MID,NA,NA,0,NA,NA,NA
291861,506,Jed,Anderson,NTH,MID,NA,NA,0,182,FALSE,MID
992242,690,Jordan,Dawson,SYD,DEF,FWD,NA,0,33301,TRUE,FWD
280317,363,Rhys,Stanley,GEE,RUC,NA,NA,0,33301,FALSE,RUC
298264,481,Ed,Langdon,MEL,MID,NA,NA,0,9867,TRUE,MID
250321,361,Joel,Selwood,GEE,MID,NA,NA,0,186,FALSE,MID
993817,214,Darcy,Parish,ESS,FWD,MID,NA,0,189,TRUE,FWD
991988,660,Zak,Jones,STK,MID,NA,NA,0,33301,FALSE,MID
261510,343,Tom,Hawkins,GEE,FWD,NA,NA,0,186,TRUE,FWD
281091,293,Hugh,Greenwood,GCS,FWD,MID,NA,0,9867,TRUE,FWD
291526,334,Luke,Dahlhaus,GEE,FWD,NA,NA,0,NA,NA,NA
998133,51,Jarrod,Berry,BRL,MID,NA,NA,0,189,TRUE,MID
298272,307,Touk,Miller,GCS,MID,NA,NA,0,9806,TRUE,MID
261320,184,Tom,Bellchambers,ESS,RUC,NA,NA,0,NA,NA,NA
270938,22,Tom,Lynch,ADE,FWD,NA,NA,0,NA,NA,NA
290838,783,Jack,Darling,WCE,FWD,NA,NA,0,186,TRUE,FWD
294101,747,Jason,Johannisen,WBD,DEF,NA,NA,0,182,FALSE,DEF
260930,609,Shane,Edwards,RIC,DEF,MID,NA,0,NA,NA,NA
271045,797,Nic,Naitanui,WCE,RUC,NA,NA,0,9867,TRUE,RUC
295584,657,Bradley,Hill,STK,MID,NA,NA,0,NA,NA,NA
280858,678,Shane,Savage,STK,DEF,NA,NA,0,NA,NA,NA
298421,655,Jade,Gresham,STK,FWD,MID,NA,0,NA,NA,NA
281080,808,Brad,Sheppard,WCE,DEF,NA,NA,0,186,TRUE,DEF
290671,306,Anthony,Miles,GCS,MID,NA,NA,0,NA,NA,NA
296035,516,Trent,Dumont,NTH,MID,NA,NA,0,9856,FALSE,MID
291545,767,Mitch,Wallis,WBD,FWD,MID,NA,0,NA,NA,NA
270732,763,Matthew,Suckling,WBD,DEF,NA,NA,0,NA,NA,NA
261396,570,Robbie,Gray,PTA,FWD,MID,NA,0,33301,TRUE,FWD
298279,464,Angus,Brayshaw,MEL,MID,NA,NA,0,9867,TRUE,MID
294877,456,Isaac,Smith,HAW,MID,NA,NA,0,NA,NA,NA
996487,166,Tom,Phillips,COL,MID,NA,NA,0,9856,TRUE,MID
996059,47,Harris,Andrews,BRL,DEF,NA,NA,0,182,TRUE,DEF
296733,328,Mark,Blicavs,GEE,DEF,NA,NA,0,9856,FALSE,DEF
250267,677,Paddy,Ryder,STK,RUC,FWD,NA,0,9856,FALSE,FWD
240700,406,Heath,Shaw,GWS,DEF,NA,NA,0,NA,NA,NA
1004592,740,Tim,English,WBD,RUC,NA,NA,0,NA,NA,NA
270325,537,Robbie,Tarrant,NTH,DEF,NA,NA,0,9856,TRUE,DEF
290799,751,Tom,Liberatore,WBD,MID,NA,NA,0,9856,TRUE,MID
298111,384,Jeremy,Finlayson,GWS,FWD,NA,NA,0,NA,NA,NA
993905,709,Callum,Mills,SYD,DEF,NA,NA,0,9806,TRUE,DEF
996464,304,Darcy,MacPherson,GCS,FWD,MID,NA,0,NA,NA,NA
295461,218,Adam,Saad,ESS,DEF,NA,NA,0,9867,TRUE,DEF
994539,121,Sam,Petrevski-Seton,CAR,DEF,MID,NA,0,NA,NA,NA
280762,401,Shane,Mumford,GWS,RUC,NA,NA,0,NA,NA,NA
290194,526,Jamie,Macmillan,NTH,DEF,NA,NA,0,NA,NA,NA
230202,131,Kade,Simpson,CAR,DEF,NA,NA,0,186,TRUE,DEF
271001,138,Dayne,Beams,COL,MID,NA,NA,0,NA,NA,NA
294199,351,Sam,Menegola,GEE,MID,NA,NA,0,182,TRUE,MID
1003130,752,Patrick,Lipinski,WBD,FWD,MID,NA,0,9867,FALSE,FWD
298210,491,Christian,Petracca,MEL,FWD,NA,NA,0,9856,TRUE,FWD
291902,501,Jack,Viney,MEL,MID,NA,NA,0,182,TRUE,MID
270588,199,Cale,Hooker,ESS,DEF,NA,NA,0,33301,TRUE,DEF
294596,671,Tim,Membrey,STK,FWD,NA,NA,0,NA,NA,NA
1002240,175,Jaidyn,Stephenson,COL,FWD,NA,NA,0,NA,NA,NA
291978,689,Harry,Cunningham,SYD,DEF,NA,NA,0,NA,NA,NA
295518,99,Sam,Docherty,CAR,DEF,NA,NA,0,33301,TRUE,DEF
998129,278,Will,Brodie,GCS,MID,NA,NA,0,NA,NA,NA
260750,591,Justin,Westhoff,PTA,FWD,MID,NA,0,NA,NA,NA
1002583,635,Sydney,Stack,RIC,DEF,NA,NA,0,NA,NA,NA
261892,572,Hamish,Hartlett,PTA,DEF,NA,NA,0,NA,NA,NA
992010,159,Brayden,Maynard,COL,DEF,NA,NA,0,182,TRUE,DEF
997846,208,Conor,McKenna,ESS,DEF,NA,NA,0,NA,NA,NA
291351,426,Jack,Gunston,HAW,FWD,NA,NA,0,5524,TRUE,FWD
990609,54,Charlie,Cameron,BRL,FWD,NA,NA,0,NA,NA,NA
270935,200,Michael,Hurley,ESS,DEF,NA,NA,0,182,TRUE,DEF
291867,509,Ben,Brown,NTH,FWD,NA,NA,0,NA,NA,NA
290156,533,Jasper,Pittard,NTH,DEF,NA,NA,0,NA,NA,NA
291313,153,Jeremy,Howe,COL,DEF,NA,NA,0,NA,NA,NA
280804,382,Phil,Davis,GWS,DEF,NA,NA,0,NA,NA,NA
270896,606,Trent,Cotchin,RIC,MID,NA,NA,0,182,TRUE,MID
993794,428,Blake,Hardwick,HAW,DEF,NA,NA,0,NA,NA,NA
270951,225,David,Zaharakis,ESS,MID,NA,NA,0,NA,NA,NA
298419,356,Brandan,Parfitt,GEE,FWD,MID,NA,0,186,FALSE,FWD
293854,266,Matt,Taberner,FRE,FWD,NA,NA,0,NA,NA,NA
290188,716,Sam,Reid,SYD,FWD,NA,NA,0,NA,NA,NA
294266,788,Tom,Hickey,WCE,RUC,NA,NA,0,NA,NA,NA
996765,713,Tom,Papley,SYD,FWD,NA,NA,0,5524,TRUE,FWD
990290,777,Tom,Barrass,WCE,DEF,NA,NA,0,5524,TRUE,DEF
1001299,588,Connor,Rozee,PTA,FWD,NA,NA,0,NA,NA,NA
294469,683,Aliir,Aliir,SYD,DEF,NA,NA,0,NA,NA,NA
296190,112,Jack,Martin,CAR,FWD,MID,NA,0,33301,TRUE,FWD
994389,679,Jack,Sinclair,STK,FWD,MID,NA,0,NA,NA,NA
270512,294,Pearce,Hanley,GCS,DEF,NA,NA,0,NA,NA,NA
240254,295,Jarrod,Harbrow,GCS,DEF,NA,NA,0,NA,NA,NA
290073,753,Sam,Lloyd,WBD,FWD,NA,NA,0,NA,NA,NA
990827,613,Jack,Graham,RIC,MID,NA,NA,0,186,TRUE,MID
297354,550,Karl,Amon,PTA,MID,NA,NA,0,NA,NA,NA
280744,416,Luke,Breust,HAW,FWD,NA,NA,0,186,TRUE,FWD
292145,575,Tom,Jonas,PTA,DEF,NA,NA,0,NA,NA,NA
210012,417,Shaun,Burgoyne,HAW,DEF,NA,NA,0,NA,NA,NA
291327,418,Jonathon,Ceglar,HAW,RUC,FWD,NA,0,182,TRUE,FWD
290117,656,Dan,Hannebery,STK,MID,NA,NA,0,NA,NA,NA
1006130,761,Bailey,Smith,WBD,FWD,MID,NA,0,5524,TRUE,FWD
261911,565,Brad,Ebert,PTA,FWD,NA,NA,0,9856,TRUE,FWD
290550,341,Cameron,Guthrie,GEE,MID,NA,NA,0,9806,FALSE,MID
1001438,468,Bayley,Fritsch,MEL,DEF,FWD,NA,0,NA,NA,NA
993107,391,Harry,Himmelberg,GWS,FWD,NA,NA,0,NA,NA,NA
290826,782,Jamie,Cripps,WCE,FWD,NA,NA,0,NA,NA,NA
290797,749,Alex,Keath,WBD,DEF,NA,NA,0,NA,NA,NA
291962,459,Chad,Wingard,HAW,FWD,MID,NA,0,5524,TRUE,FWD
298450,231,Connor,Blakely,FRE,DEF,NA,NA,0,NA,NA,NA
290085,739,Taylor,Duryea,WBD,DEF,NA,NA,0,NA,NA,NA
998260,277,Jack,Bowes,GCS,MID,NA,NA,0,NA,NA,NA
998529,634,Ivan,Soldo,RIC,RUC,NA,NA,0,NA,NA,NA
998205,403,Harry,Perryman,GWS,MID,NA,NA,0,189,TRUE,MID
294472,1,Rory,Atkins,ADE,MID,NA,NA,0,NA,NA,NA
294092,206,Anthony,McDonald-Tipungwuti,ESS,FWD,NA,NA,0,NA,NA,NA
271015,383,Matt,de Boer,GWS,MID,NA,NA,0,NA,NA,NA
290623,601,Josh,Caddy,RIC,FWD,MID,NA,0,NA,NA,NA
293651,734,Hayden,Crozier,WBD,DEF,NA,NA,0,189,TRUE,DEF
280416,160,Chris,Mayne,COL,MID,NA,NA,0,NA,NA,NA
297473,19,Jake,Kelly,ADE,DEF,NA,NA,0,NA,NA,NA
298288,162,Darcy,Moore,COL,DEF,NA,NA,0,186,TRUE,DEF
295444,156,Tom,Langdon,COL,DEF,NA,NA,0,NA,NA,NA
298174,625,Toby,Nankervis,RIC,RUC,NA,NA,0,189,TRUE,RUC
1000223,597,Liam,Baker,RIC,DEF,FWD,NA,0,33301,TRUE,FWD
290787,507,Shaun,Atley,NTH,DEF,NA,NA,0,33301,TRUE,DEF
281124,92,Levi,Casboult,CAR,DEF,FWD,NA,0,NA,NA,NA
993979,586,Sam,Powell-Pepper,PTA,FWD,MID,NA,0,NA,NA,NA
294068,215,Andrew,Phillips,ESS,RUC,NA,NA,0,NA,NA,NA
998145,240,Sean,Darcy,FRE,RUC,NA,NA,0,182,TRUE,RUC
990882,28,Wayne,Milera,ADE,DEF,MID,NA,0,NA,NA,NA
296254,432,Jarman,Impey,HAW,DEF,NA,NA,0,NA,NA,NA
1002264,649,Hunter,Clark,STK,DEF,NA,NA,0,5524,FALSE,DEF
992128,556,Ryan,Burton,PTA,DEF,NA,NA,0,NA,NA,NA
294504,560,Tom,Clurey,PTA,DEF,NA,NA,0,NA,NA,NA
1006096,564,Xavier,Duursma,PTA,MID,NA,NA,0,NA,NA,NA
293987,577,Jarrod,Lienert,PTA,DEF,NA,NA,0,NA,NA,NA
298630,203,Kyle,Langford,ESS,FWD,MID,NA,0,189,TRUE,FWD
992462,431,Daniel,Howe,HAW,DEF,MID,NA,0,9806,TRUE,MID
280819,614,Dylan,Grimes,RIC,DEF,NA,NA,0,NA,NA,NA
998102,207,Andrew,McGrath,ESS,MID,NA,NA,0,189,TRUE,MID
993816,268,Darcy,Tucker,FRE,FWD,MID,NA,0,NA,NA,NA
250222,477,Nathan,Jones,MEL,DEF,MID,NA,0,NA,NA,NA
999824,353,Quinton,Narkle,GEE,MID,NA,NA,0,NA,NA,NA
294737,721,Callum,Sinclair,SYD,RUC,NA,NA,0,NA,NA,NA
240399,694,Lance,Franklin,SYD,FWD,NA,NA,0,NA,NA,NA
998128,88,Alex,Witherden,BRL,DEF,NA,NA,0,9806,TRUE,DEF
294624,125,Lachie,Plowman,CAR,DEF,NA,NA,0,NA,NA,NA
294733,34,Paul,Seedsman,ADE,MID,NA,NA,0,NA,NA,NA
1000972,563,Willem,Drew,PTA,MID,NA,NA,0,NA,NA,NA
1002242,333,Charlie,Constable,GEE,MID,NA,NA,0,NA,NA,NA
291819,499,Adam,Tomlinson,MEL,MID,NA,NA,0,NA,NA,NA
998134,641,Josh,Battle,STK,DEF,NA,NA,0,NA,NA,NA
291849,161,Brody,Mihocek,COL,FWD,NA,NA,0,NA,NA,NA
296041,445,Tim,O'Brien,HAW,DEF,FWD,NA,0,NA,NA,NA
293813,618,Tom J.,Lynch,RIC,FWD,NA,NA,0,NA,NA,NA
996708,735,Bailey,Dale,WBD,FWD,NA,NA,0,NA,NA,NA
297438,193,Martin,Gleeson,ESS,DEF,NA,NA,0,NA,NA,NA
291533,486,Tom,McDonald,MEL,FWD,NA,NA,0,NA,NA,NA
290722,696,Sam,Gray,SYD,FWD,NA,NA,0,NA,NA,NA
291773,117,Jack,Newnes,CAR,MID,NA,NA,0,NA,NA,NA
292511,370,Zach,Tuohy,GEE,DEF,NA,NA,0,NA,NA,NA
293884,223,Jake,Stringer,ESS,FWD,NA,NA,0,NA,NA,NA
296294,227,Blake,Acres,FRE,FWD,MID,NA,0,NA,NA,NA
261497,369,Harry,Taylor,GEE,DEF,NA,NA,0,NA,NA,NA
298281,482,Jake,Lever,MEL,DEF,NA,NA,0,182,TRUE,DEF
281085,484,Steven,May,MEL,DEF,NA,NA,0,33301,TRUE,DEF
296422,682,Callum,Wilkie,STK,DEF,NA,NA,0,NA,NA,NA
993832,134,Jacob,Weitering,CAR,DEF,NA,NA,0,NA,NA,NA
996692,473,Marty,Hore,MEL,DEF,NA,NA,0,NA,NA,NA
993998,536,Jy,Simpkin,NTH,FWD,MID,NA,0,9806,FALSE,MID
1002232,232,Andrew,Brayshaw,FRE,FWD,MID,NA,0,9806,TRUE,FWD
281281,792,Lewis,Jetta,WCE,DEF,NA,NA,0,NA,NA,NA
291720,152,Will,Hoskin-Elliott,COL,FWD,NA,NA,0,NA,NA,NA
293801,149,Jamie,Elliott,COL,FWD,NA,NA,0,NA,NA,NA
996483,756,Toby,McLean,WBD,FWD,NA,NA,0,NA,NA,NA
997078,216,Mason,Redman,ESS,DEF,NA,NA,0,NA,NA,NA
993993,599,Shai,Bolton,RIC,FWD,NA,NA,0,9856,TRUE,FWD
280934,40,Daniel,Talia,ADE,DEF,NA,NA,0,NA,NA,NA
1000959,419,James,Cousins,HAW,MID,NA,NA,0,NA,NA,NA
993480,659,Dougal,Howard,STK,DEF,FWD,NA,0,NA,NA,NA
261374,404,Sam J.,Reid,GWS,DEF,NA,NA,0,NA,NA,NA
994599,554,Riley,Bonner,PTA,DEF,NA,NA,0,NA,NA,NA
250417,12,Bryce,Gibbs,ADE,MID,NA,NA,0,NA,NA,NA
296225,803,Willie,Rioli,WCE,FWD,NA,NA,0,NA,NA,NA
250395,630,Jack,Riewoldt,RIC,FWD,NA,NA,0,NA,NA,NA
998103,691,Oliver,Florent,SYD,MID,NA,NA,0,NA,NA,NA
996731,96,Charlie,Curnow,CAR,FWD,NA,NA,0,NA,NA,NA
290823,237,Reece,Conca,FRE,MID,NA,NA,0,NA,NA,NA
294125,272,Nathan,Wilson,FRE,DEF,NA,NA,0,9867,TRUE,DEF
294828,347,Josh,Jenkins,GEE,FWD,NA,NA,0,NA,NA,NA
1002770,142,Callum L.,Brown,COL,FWD,NA,NA,0,NA,NA,NA
296735,520,Aaron,Hall,NTH,MID,NA,NA,0,NA,NA,NA
291753,285,Sam,Day,GCS,FWD,NA,NA,0,NA,NA,NA
293193,2,Luke,Brown,ADE,DEF,NA,NA,0,NA,NA,NA
298289,324,Peter,Wright,GCS,FWD,NA,NA,0,NA,NA,NA
1005521,74,Oscar,McInerney,BRL,RUC,FWD,NA,0,186,TRUE,FWD
280918,55,Allen,Christensen,BRL,FWD,NA,NA,0,NA,NA,NA
1002404,757,Aaron,Naughton,WBD,FWD,NA,NA,0,NA,NA,NA
1000887,437,Mitch,Lewis,HAW,FWD,NA,NA,0,NA,NA,NA
280506,41,Taylor,Walker,ADE,FWD,NA,NA,0,NA,NA,NA
1004938,352,Gryan,Miers,GEE,FWD,NA,NA,0,NA,NA,NA
297456,297,Nick,Holman,GCS,FWD,NA,NA,0,NA,NA,NA
298280,204,Jayden,Laverde,ESS,FWD,NA,NA,0,NA,NA,NA
996580,250,Ethan,Hughes,FRE,DEF,NA,NA,0,NA,NA,NA
280038,209,Shaun,McKernan,ESS,FWD,NA,NA,0,NA,NA,NA
290198,596,David,Astbury,RIC,DEF,NA,NA,0,NA,NA,NA
296269,61,Darcy,Gardiner,BRL,DEF,NA,NA,0,NA,NA,NA
270912,365,Jack,Steven,GEE,FWD,MID,NA,0,NA,NA,NA
250362,23,David,Mackay,ADE,DEF,MID,NA,0,NA,NA,NA
993795,95,David,Cuningham,CAR,FWD,NA,NA,0,NA,NA,NA
991933,602,Jason,Castagna,RIC,FWD,NA,NA,0,NA,NA,NA
290622,465,Mitch,Brown,MEL,FWD,NA,NA,0,NA,NA,NA
280824,487,Jake,Melksham,MEL,FWD,NA,NA,0,NA,NA,NA
281078,105,Liam,Jones,CAR,DEF,NA,NA,0,NA,NA,NA
1002227,615,Jack,Higgins,RIC,FWD,NA,NA,0,NA,NA,NA
291492,730,Josh,Bruce,WBD,FWD,NA,NA,0,NA,NA,NA
1004385,776,Oscar,Allen,WCE,FWD,NA,NA,0,NA,NA,NA
293581,71,Lincoln,McCarthy,BRL,FWD,NA,NA,0,NA,NA,NA
280969,453,Tom,Scully,HAW,MID,NA,NA,0,NA,NA,NA
295340,546,Mason,Wood,NTH,FWD,NA,NA,0,NA,NA,NA
999827,101,Zac,Fisher,CAR,FWD,MID,NA,0,9867,TRUE,FWD
270861,150,Levi,Greenwood,COL,DEF,NA,NA,0,NA,NA,NA
992000,666,Jack,Lonie,STK,FWD,NA,NA,0,NA,NA,NA
280013,765,Jackson,Trengove,WBD,DEF,NA,NA,0,NA,NA,NA
998484,549,Cameron,Zurhaar,NTH,FWD,NA,NA,0,NA,NA,NA
291509,398,Adam,Kennedy,GWS,DEF,NA,NA,0,NA,NA,NA
295067,228,James,Aish,FRE,DEF,NA,NA,0,NA,NA,NA
992059,265,Sam,Switkowski,FRE,FWD,NA,NA,0,NA,NA,NA
298268,784,Liam,Duggan,WCE,DEF,NA,NA,0,182,FALSE,DEF
990816,192,Aaron,Francis,ESS,DEF,NA,NA,0,NA,NA,NA
280012,170,Jordan,Roughead,COL,DEF,NA,NA,0,NA,NA,NA
998109,187,Dylan,Clarke,ESS,MID,NA,NA,0,NA,NA,NA
280711,562,Charlie,Dixon,PTA,FWD,NA,NA,0,186,TRUE,FWD
998114,452,Jack,Scrimshaw,HAW,DEF,NA,NA,0,NA,NA,NA
290160,472,Michael,Hibberd,MEL,DEF,NA,NA,0,NA,NA,NA
992049,633,Jayden,Short,RIC,DEF,NA,NA,0,189,TRUE,DEF
290802,524,Ben,Jacobs,NTH,MID,NA,NA,0,NA,NA,NA
270811,395,Sam,Jacobs,GWS,RUC,NA,NA,0,NA,NA,NA
298302,111,Caleb,Marchbank,CAR,DEF,NA,NA,0,NA,NA,NA
293738,422,Sam,Frost,HAW,DEF,NA,NA,0,NA,NA,NA
1002251,381,Brent,Daniels,GWS,FWD,NA,NA,0,NA,NA,NA
260710,449,Paul,Puopolo,HAW,FWD,NA,NA,0,NA,NA,NA
1007102,354,Mark,O'Connor,GEE,DEF,NA,NA,0,NA,NA,NA
290757,681,Jimmy,Webster,STK,DEF,NA,NA,0,NA,NA,NA
294570,662,Dean,Kent,STK,FWD,NA,NA,0,NA,NA,NA
291550,543,Josh,Walker,NTH,DEF,NA,NA,0,NA,NA,NA
295103,20,Riley,Knight,ADE,FWD,NA,NA,0,NA,NA,NA
294592,622,Kamdyn,McIntosh,RIC,MID,NA,NA,0,NA,NA,NA
290817,253,Brandon,Matera,FRE,FWD,NA,NA,0,NA,NA,NA
295222,246,Joel,Hamling,FRE,DEF,NA,NA,0,NA,NA,NA
1002267,514,Luke,Davies-Uniacke,NTH,FWD,MID,NA,0,NA,NA,NA
997933,252,Griffin,Logue,FRE,DEF,NA,NA,0,NA,NA,NA
1005729,539,Tarryn,Thomas,NTH,FWD,NA,NA,0,NA,NA,NA
290199,515,Majak,Daw,NTH,DEF,NA,NA,0,NA,NA,NA
1002239,235,Adam,Cerra,FRE,DEF,NA,NA,0,33301,TRUE,DEF
290289,176,Josh,Thomas,COL,FWD,NA,NA,0,NA,NA,NA
280990,583,Steven,Motlop,PTA,FWD,NA,NA,0,NA,NA,NA
997842,712,Colin,O'Riordan,SYD,DEF,NA,NA,0,NA,NA,NA
1001448,180,Rupert,Wills,COL,MID,NA,NA,0,NA,NA,NA
298271,505,Paul,Ahern,NTH,DEF,MID,NA,0,NA,NA,NA
296078,518,Taylor,Garner,NTH,FWD,NA,NA,0,NA,NA,NA
1006126,719,James,Rowbottom,SYD,FWD,MID,NA,0,9806,TRUE,FWD
240060,91,Eddie,Betts,CAR,FWD,NA,NA,0,NA,NA,NA
291821,447,Jonathon,Patton,HAW,RUC,FWD,NA,0,NA,NA,NA
1005053,48,Noah,Answerth,BRL,DEF,NA,NA,0,NA,NA,NA
998115,242,Taylin,Duman,FRE,DEF,NA,NA,0,NA,NA,NA
291771,220,Devon,Smith,ESS,FWD,MID,NA,0,9867,TRUE,FWD
240406,795,Josh J.,Kennedy,WCE,FWD,NA,NA,0,NA,NA,NA
1000953,114,Harry,McKay,CAR,FWD,NA,NA,0,NA,NA,NA
295256,545,Marley,Williams,NTH,DEF,NA,NA,0,NA,NA,NA
1004364,805,Liam,Ryan,WCE,FWD,NA,NA,0,NA,NA,NA
296420,488,Alex,Neal-Bullen,MEL,FWD,NA,NA,0,NA,NA,NA
294675,503,Josh,Wagner,MEL,DEF,NA,NA,0,NA,NA,NA
1006152,330,Jordan,Clark,GEE,MID,NA,NA,0,NA,NA,NA
295712,737,Tory,Dickson,WBD,FWD,NA,NA,0,NA,NA,NA
291548,65,Ryan,Lester,BRL,DEF,NA,NA,0,NA,NA,NA
998215,128,Will,Setterfield,CAR,MID,NA,NA,0,9806,TRUE,MID
992644,493,Braydon,Preuss,MEL,RUC,FWD,NA,0,NA,NA,NA
992499,540,Kayne,Turner,NTH,FWD,NA,NA,0,NA,NA,NA
294663,726,Jackson,Thurlow,SYD,DEF,NA,NA,0,9867,TRUE,DEF
998130,274,Ben,Ainsworth,GCS,FWD,MID,NA,0,NA,NA,NA
1001017,525,Nick,Larkey,NTH,FWD,NA,NA,0,NA,NA,NA
291357,359,Gary,Rohan,GEE,FWD,NA,NA,0,NA,NA,NA
1006121,557,Zak,Butters,PTA,FWD,NA,NA,0,9856,TRUE,FWD
290675,400,Daniel,Lloyd,GWS,FWD,NA,NA,0,NA,NA,NA
290641,648,Jake,Carlisle,STK,DEF,NA,NA,0,NA,NA,NA
295446,281,Sam,Collins,GCS,DEF,NA,NA,0,9856,TRUE,DEF
296324,249,Jesse,Hogan,FRE,FWD,NA,NA,0,NA,NA,NA
994386,326,Tom,Atkins,GEE,FWD,NA,NA,0,NA,NA,NA
296355,528,Luke,McDonald,NTH,DEF,NA,NA,0,186,TRUE,DEF
996064,300,Jesse,Joyce,GCS,DEF,NA,NA,0,NA,NA,NA
997142,576,Peter,Ladhams,PTA,RUC,FWD,NA,0,189,FALSE,FWD
1008882,276,Charlie,Ballard,GCS,DEF,NA,NA,0,NA,NA,NA
993828,70,Rhys,Mathieson,BRL,FWD,MID,NA,0,NA,NA,NA
1001028,130,Jack,Silvagni,CAR,FWD,NA,NA,0,NA,NA,NA
1001026,217,Jordan,Ridley,ESS,DEF,NA,NA,0,5524,TRUE,DEF
990606,221,William,Snelling,ESS,FWD,NA,NA,0,NA,NA,NA
1000981,631,Daniel,Rioli,RIC,FWD,NA,NA,0,NA,NA,NA
296200,102,Michael,Gibbons,CAR,FWD,NA,NA,0,NA,NA,NA
298091,640,Logan,Austin,STK,DEF,NA,NA,0,NA,NA,NA
295942,308,Jordan,Murdoch,GCS,DEF,NA,NA,0,NA,NA,NA
250290,179,Travis,Varcoe,COL,FWD,NA,NA,0,NA,NA,NA
993806,504,Sam,Weideman,MEL,FWD,NA,NA,0,NA,NA,NA
1002220,358,Esava,Ratugolea,GEE,FWD,NA,NA,0,NA,NA,NA
1002331,284,Jacob,Dawson,GCS,DEF,NA,NA,0,NA,NA,NA
997100,697,Will,Hayward,SYD,FWD,NA,NA,0,NA,NA,NA
240232,169,Ben,Reid,COL,FWD,NA,NA,0,NA,NA,NA
994385,474,Jayden,Hunt,MEL,FWD,NA,NA,0,NA,NA,NA
294168,44,Marcus,Adams,BRL,DEF,NA,NA,0,NA,NA,NA
1005247,412,Sam,Taylor,GWS,DEF,NA,NA,0,NA,NA,NA
994077,603,Mabior,Chol,RIC,RUC,FWD,NA,0,NA,NA,NA
991976,745,Will,Hayes,WBD,MID,NA,NA,0,NA,NA,NA
296334,191,Orazio,Fantasia,ESS,FWD,NA,NA,0,NA,NA,NA
1004985,673,Ben,Paton,STK,DEF,NA,NA,0,NA,NA,NA
298437,45,Callum,Ah Chee,BRL,MID,NA,NA,0,NA,NA,NA
993820,781,Thomas,Cole,WCE,DEF,NA,NA,0,NA,NA,NA
297452,658,Nick,Hind,STK,FWD,NA,NA,0,NA,NA,NA
296211,725,Lewis,Taylor,SYD,MID,NA,NA,0,NA,NA,NA
1001398,107,Matthew,Kennedy,CAR,FWD,NA,NA,0,9806,TRUE,FWD
1005717,651,Nick,Coffield,STK,DEF,NA,NA,0,NA,NA,NA
993841,760,Josh,Schache,WBD,FWD,NA,NA,0,NA,NA,NA
996442,688,Ryan,Clarke,SYD,MID,NA,NA,0,182,TRUE,MID
993940,502,Corey,Wagner,MEL,FWD,MID,NA,0,NA,NA,NA
280972,590,Jack,Watts,PTA,DEF,NA,NA,0,NA,NA,NA
291792,407,Tommy,Sheridan,GWS,MID,NA,NA,0,NA,NA,NA
1006133,632,Jack,Ross,RIC,MID,NA,NA,0,NA,NA,NA
997033,238,Brennan,Cox,FRE,FWD,NA,NA,0,9867,TRUE,FWD
297504,75,Daniel,McStay,BRL,FWD,NA,NA,0,NA,NA,NA
270326,344,Lachlan,Henderson,GEE,DEF,NA,NA,0,NA,NA,NA
260113,654,Jarryn,Geary,STK,DEF,NA,NA,0,NA,NA,NA
996232,195,Matt,Guelfi,ESS,MID,NA,NA,0,NA,NA,NA
293883,327,Jed,Bews,GEE,DEF,NA,NA,0,NA,NA,NA
999309,388,Jackson,Hately,GWS,MID,NA,NA,0,NA,NA,NA
996554,813,Jake,Waterman,WCE,FWD,NA,NA,0,NA,NA,NA
992351,770,Bailey,Williams,WBD,DEF,NA,NA,0,182,FALSE,DEF
260288,421,James,Frawley,HAW,DEF,NA,NA,0,NA,NA,NA
1007881,310,Wil,Powell,GCS,MID,NA,NA,0,NA,NA,NA
290527,581,Trent,McKenzie,PTA,DEF,NA,NA,0,NA,NA,NA
291848,693,Robbie,Fox,SYD,DEF,FWD,NA,0,9867,TRUE,FWD
298409,259,Alex,Pearce,FRE,DEF,NA,NA,0,NA,NA,NA
296291,349,Jake,Kolodjashnij,GEE,DEF,NA,NA,0,NA,NA,NA
294643,316,Alex,Sexton,GCS,FWD,NA,NA,0,NA,NA,NA
297406,188,Tom,Cutler,ESS,MID,NA,NA,0,NA,NA,NA
1000998,29,Lachlan,Murphy,ADE,FWD,NA,NA,0,NA,NA,NA
1006028,686,Nick,Blakey,SYD,FWD,NA,NA,0,NA,NA,NA
1002256,100,Paddy,Dow,CAR,FWD,MID,NA,0,NA,NA,NA
295203,600,Nathan,Broad,RIC,DEF,NA,NA,0,NA,NA,NA
993953,63,Eric,Hipwood,BRL,FWD,NA,NA,0,NA,NA,NA
998647,145,Mason,Cox,COL,FWD,NA,NA,0,NA,NA,NA
294654,222,James,Stewart,ESS,FWD,NA,NA,0,NA,NA,NA
240302,53,Grant,Birchall,BRL,DEF,NA,NA,0,NA,NA,NA
280988,236,Travis,Colyer,FRE,FWD,NA,NA,0,NA,NA,NA
291964,298,Jack,Hombsch,GCS,DEF,NA,NA,0,NA,NA,NA
1000267,672,Matthew,Parker,STK,FWD,NA,NA,0,NA,NA,NA
281139,771,Easton,Wood,WBD,DEF,NA,NA,0,NA,NA,NA
1005721,183,Josh,Begley,ESS,FWD,NA,NA,0,NA,NA,NA
995192,254,Cam,McCarthy,FRE,FWD,NA,NA,0,NA,NA,NA
1000937,345,Jack,Henry,GEE,DEF,NA,NA,0,NA,NA,NA
280959,811,Nathan,Vardy,WCE,RUC,NA,NA,0,NA,NA,NA
1008893,492,Harrison,Petty,MEL,DEF,FWD,NA,0,NA,NA,NA
291784,541,Dom,Tyson,NTH,MID,NA,NA,0,NA,NA,NA
1000963,443,Harry,Morrison,HAW,FWD,MID,NA,0,NA,NA,NA
1004998,579,Todd,Marshall,PTA,FWD,NA,NA,0,NA,NA,NA
297767,517,Sam,Durdin,NTH,DEF,NA,NA,0,NA,NA,NA
291797,375,Matt,Buntine,GWS,DEF,FWD,NA,0,NA,NA,NA
1001043,427,Oliver,Hanrahan,HAW,FWD,NA,NA,0,NA,NA,NA
996743,708,Lewis,Melican,SYD,DEF,NA,NA,0,NA,NA,NA
298390,483,Jay,Lockhart,MEL,FWD,NA,NA,0,NA,NA,NA
999331,9,Darcy,Fogarty,ADE,FWD,NA,NA,0,NA,NA,NA
993917,665,Ben,Long,STK,FWD,NA,NA,0,NA,NA,NA
993798,357,James,Parsons,GEE,MID,NA,NA,0,NA,NA,NA
298265,670,Daniel,McKenzie,STK,DEF,NA,NA,0,NA,NA,NA
991953,287,Corey,Ellis,GCS,DEF,NA,NA,0,NA,NA,NA
1005793,780,Jarrod,Cameron,WCE,FWD,NA,NA,0,NA,NA,NA
1005199,16,Elliott,Himmelberg,ADE,FWD,NA,NA,0,NA,NA,NA
1006550,801,Jack,Petruccelle,WCE,FWD,NA,NA,0,NA,NA,NA
1006148,390,Ian,Hill,GWS,FWD,NA,NA,0,NA,NA,NA
991939,733,Zaine,Cordy,WBD,DEF,NA,NA,0,NA,NA,NA
295599,182,Patrick,Ambrose,ESS,DEF,NA,NA,0,NA,NA,NA
1002213,674,Ed,Phillips,STK,MID,NA,NA,0,NA,NA,NA
997823,804,Josh,Rotham,WCE,DEF,NA,NA,0,NA,NA,NA
1004095,303,Jack,Lukosius,GCS,DEF,FWD,NA,0,9806,TRUE,FWD
1006314,441,Dylan,Moore,HAW,FWD,NA,NA,0,NA,NA,NA
281052,790,Mark,Hutchings,WCE,MID,NA,NA,0,NA,NA,NA
1000932,8,Tom,Doedee,ADE,DEF,NA,NA,0,NA,NA,NA
295012,172,Matthew,Scharenberg,COL,DEF,NA,NA,0,NA,NA,NA
1002353,239,Mitchell,Crowden,FRE,FWD,NA,NA,0,NA,NA,NA
290314,396,Lachlan,Keeffe,GWS,DEF,FWD,NA,0,NA,NA,NA
294077,429,Michael,Hartley,HAW,DEF,NA,NA,0,33301,FALSE,DEF
298298,798,Jackson,Nelson,WCE,DEF,NA,NA,0,NA,NA,NA
1006203,17,Chayce,Jones,ADE,FWD,NA,NA,0,NA,NA,NA
294518,189,Joe,Daniher,ESS,FWD,NA,NA,0,189,TRUE,FWD
998106,11,Jordan,Gallucci,ADE,FWD,NA,NA,0,NA,NA,NA
1008198,705,Tom,McCartin,SYD,FWD,NA,NA,0,NA,NA,NA
1007124,444,Conor,Nash,HAW,FWD,NA,NA,0,NA,NA,NA
997316,773,Lewis,Young,WBD,DEF,NA,NA,0,NA,NA,NA
992472,485,Oscar,McDonald,MEL,DEF,NA,NA,0,NA,NA,NA
998180,229,Bailey,Banfield,FRE,FWD,NA,NA,0,NA,NA,NA
993946,18,Ben,Keays,ADE,FWD,NA,NA,0,182,TRUE,FWD
291947,774,Brendon,Ah Chee,WCE,MID,NA,NA,0,NA,NA,NA
1000068,280,Christopher,Burgess,GCS,DEF,NA,NA,0,NA,NA,NA
1003203,707,Hayden,McLean,SYD,RUC,NA,NA,0,NA,NA,NA
298211,340,Darcy,Fort,GEE,FWD,NA,NA,0,NA,NA,NA
1008280,759,Ed,Richards,WBD,FWD,MID,NA,0,NA,NA,NA
298277,743,Billy,Gowers,WBD,FWD,NA,NA,0,NA,NA,NA
297255,113,Mitch,McGovern,CAR,FWD,NA,NA,0,NA,NA,NA
1002312,49,Zac,Bailey,BRL,DEF,MID,NA,0,9806,TRUE,DEF
294013,302,Sean,Lemmens,GCS,FWD,MID,NA,0,NA,NA,NA
1008855,461,Oskar,Baker,MEL,MID,NA,NA,0,NA,NA,NA
1008089,167,Isaac,Quaynor,COL,DEF,NA,NA,0,NA,NA,NA
295313,748,Lin,Jong,WBD,MID,NA,NA,0,NA,NA,NA
280933,675,Dylan,Roberton,STK,DEF,NA,NA,0,NA,NA,NA
1005054,147,Josh,Daicos,COL,MID,NA,NA,0,5524,TRUE,MID
992054,762,Roarke,Smith,WBD,FWD,MID,NA,0,NA,NA,NA
1002245,598,Noah,Balta,RIC,RUC,FWD,NA,0,189,TRUE,FWD
280722,318,Zac,Smith,GCS,RUC,NA,NA,0,NA,NA,NA
296371,230,Brett,Bewley,FRE,FWD,NA,NA,0,NA,NA,NA
1002235,79,Cameron,Rayner,BRL,FWD,NA,NA,0,NA,NA,NA
298144,710,Sam,Naismith,SYD,RUC,NA,NA,0,NA,NA,NA
1005530,638,Ryan,Abbott,STK,RUC,NA,NA,0,NA,NA,NA
295156,687,Kaiden,Brand,SYD,DEF,NA,NA,0,NA,NA,NA
297990,500,Aaron,vandenBerg,MEL,FWD,MID,NA,0,NA,NA,NA
298287,542,Ed,Vickers-Willis,NTH,DEF,NA,NA,0,NA,NA,NA
1001396,380,Isaac,Cumming,GWS,DEF,NA,NA,0,NA,NA,NA
296439,109,Darcy,Lang,CAR,FWD,NA,NA,0,NA,NA,NA
998218,612,Ryan,Garthwaite,RIC,DEF,NA,NA,0,NA,NA,NA
1004880,718,Ben,Ronke,SYD,FWD,NA,NA,0,NA,NA,NA
281280,476,Neville,Jetta,MEL,DEF,NA,NA,0,NA,NA,NA
1002259,118,Lochie,O'Brien,CAR,MID,NA,NA,0,NA,NA,NA
1003029,174,Brayden,Sier,COL,MID,NA,NA,0,NA,NA,NA
261214,806,Will,Schofield,WCE,DEF,NA,NA,0,NA,NA,NA
1008312,132,Liam,Stocker,CAR,DEF,NA,NA,0,NA,NA,NA
293035,141,Tim,Broomhead,COL,FWD,MID,NA,0,NA,NA,NA
1003547,423,Conor,Glass,HAW,DEF,NA,NA,0,NA,NA,NA
290228,15,Kyle,Hartigan,ADE,DEF,NA,NA,0,NA,NA,NA
1002253,566,Kane,Farrell,PTA,FWD,NA,NA,0,NA,NA,NA
298290,124,Marc,Pittonet,CAR,RUC,NA,NA,0,NA,NA,NA
1002231,624,Patrick,Naish,RIC,MID,NA,NA,0,NA,NA,NA
280471,457,Ben,Stratton,HAW,DEF,NA,NA,0,NA,NA,NA
1010841,158,Jack,Madgen,COL,DEF,NA,NA,0,NA,NA,NA
1006058,535,Bailey,Scott,NTH,MID,FWD,NA,0,NA,NA,NA
992374,645,Dan,Butler,STK,FWD,NA,NA,0,33301,FALSE,FWD
1002282,497,Charlie,Spargo,MEL,FWD,NA,NA,0,NA,NA,NA
998414,812,Daniel,Venables,WCE,FWD,NA,NA,0,NA,NA,NA
1006127,769,Rhylee,West,WBD,FWD,NA,NA,0,NA,NA,NA
1007238,410,Jake,Stein,GWS,DEF,NA,NA,0,NA,NA,NA
250548,820,Lynden,Dunn,COL,DEF,NA,NA,0,NA,NA,NA
1005547,283,Joshua,Corbett,GCS,FWD,NA,NA,0,NA,NA,NA
1006144,301,Ben,King,GCS,FWD,NA,NA,0,NA,NA,NA
294508,379,Aidan,Corr,GWS,DEF,NA,NA,0,NA,NA,NA
290733,589,Cameron,Sutcliffe,PTA,FWD,NA,NA,0,NA,NA,NA
1005013,137,Flynn,Appleby,COL,DEF,NA,NA,0,NA,NA,NA
291891,224,Jacob,Townsend,ESS,FWD,NA,NA,0,NA,NA,NA
1000908,32,Myles,Poholke,ADE,FWD,NA,NA,0,NA,NA,NA
293255,299,George,Horlin-Smith,GCS,DEF,MID,NA,0,NA,NA,NA
994410,754,Brad,Lynch,WBD,DEF,NA,NA,0,NA,NA,NA
998390,434,Changkuoth,Jiath,HAW,DEF,NA,NA,0,NA,NA,NA
990548,667,Jonathon,Marsh,STK,DEF,NA,NA,0,NA,NA,NA
1002228,339,Lachie,Fogarty,GEE,MID,NA,NA,0,NA,NA,NA
998321,568,Joel,Garner,PTA,DEF,NA,NA,0,NA,NA,NA
1004909,772,Lachlan,Young,WBD,DEF,NA,NA,0,NA,NA,NA
1004286,399,Zac,Langdon,GWS,FWD,NA,NA,0,NA,NA,NA
298474,814,Francis,Watson,WCE,DEF,NA,NA,0,NA,NA,NA
1008190,196,Brayden,Ham,ESS,FWD,MID,NA,0,NA,NA,NA
1002354,245,Stefan,Giro,FRE,MID,NA,NA,0,NA,NA,NA
1000072,164,John,Noble,COL,DEF,NA,NA,0,NA,NA,NA
998126,551,Joe,Atley,PTA,MID,NA,NA,0,NA,NA,NA
293603,580,Sam,Mayes,PTA,MID,NA,NA,0,NA,NA,NA
281075,320,Rory,Thompson,GCS,DEF,NA,NA,0,NA,NA,NA
1004863,62,Mitchell,Hinge,BRL,MID,NA,NA,0,NA,NA,NA
1003520,661,Darragh,Joyce,STK,DEF,NA,NA,0,NA,NA,NA
1000860,262,Lachlan,Schultz,FRE,FWD,NA,NA,0,NA,NA,NA
1006087,292,Caleb,Graham,GCS,DEF,NA,NA,0,NA,NA,NA
1006106,467,Kyle,Dunkley,MEL,FWD,MID,NA,0,NA,NA,NA
296209,479,Kade,Kolodjashnij,MEL,MID,NA,NA,0,NA,NA,NA
998212,213,Kobe,Mutch,ESS,MID,NA,NA,0,NA,NA,NA
1003546,496,Joel,Smith,MEL,DEF,NA,NA,0,NA,NA,NA
1009208,314,Matthew,Rowell,GCS,MID,NA,NA,0,NA,NA,NA
1004356,775,Brayden,Ainsworth,WCE,MID,NA,NA,0,NA,NA,NA
1009199,275,Noah,Anderson,GCS,MID,NA,NA,0,NA,NA,NA
1004894,508,Aiden,Bonar,NTH,MID,FWD,NA,0,NA,NA,NA
1004989,664,Doulton,Langlands,STK,MID,NA,NA,0,NA,NA,NA
997230,38,Tyson,Stengle,ADE,FWD,NA,NA,0,NA,NA,NA
1006276,610,Derek,Eggmolesse-Smith,RIC,DEF,NA,NA,0,NA,NA,NA
1001449,470,Mitch,Hannan,MEL,FWD,NA,NA,0,NA,NA,NA
290246,510,Tom,Campbell,NTH,RUC,FWD,NA,0,NA,NA,NA
1009399,475,Luke,Jackson,MEL,RUC,NA,NA,0,NA,NA,NA
1005330,466,Kade,Chandler,MEL,FWD,NA,NA,0,NA,NA,NA
1000061,604,Callum,Coleman-Jones,RIC,RUC,FWD,NA,0,NA,NA,NA
1009253,371,Lachlan,Ash,GWS,DEF,MID,NA,0,NA,NA,NA
280336,248,Stephen,Hill,FRE,DEF,FWD,NA,0,NA,NA,NA
295964,42,Patrick,Wilson,ADE,MID,NA,NA,0,NA,NA,NA
1004870,342,Zach,Guthrie,GEE,DEF,NA,NA,0,NA,NA,NA
1006103,376,Jye,Caldwell,GWS,MID,NA,NA,0,NA,NA,NA
1004848,722,Dylan,Stephens,SYD,MID,NA,NA,0,NA,NA,NA
1004034,226,Brandon,Zerk-Thatcher,ESS,DEF,NA,NA,0,NA,NA,NA
998569,819,Callum,Moore,CAR,FWD,NA,NA,0,NA,NA,NA
1009201,25,Fischer,Mcasey,ADE,DEF,NA,NA,0,NA,NA,NA
298358,619,Oleg,Markov,RIC,MID,NA,NA,0,NA,NA,NA
999391,498,Tom,Sparrow,MEL,FWD,NA,NA,0,NA,NA,NA
1009256,273,Hayden,Young,FRE,DEF,NA,NA,0,NA,NA,NA
1002328,296,Jacob,Heron,GCS,FWD,NA,NA,0,NA,NA,NA
992752,84,Archie,Smith,BRL,RUC,NA,NA,0,NA,NA,NA
998511,315,Josh,Schoenfeld,GCS,FWD,NA,NA,0,NA,NA,NA
998268,46,Jacob,Allison,BRL,MID,NA,NA,0,NA,NA,NA
1009420,263,Caleb,Serong,FRE,MID,NA,NA,0,NA,NA,NA
1005988,247,Liam,Henry,FRE,MID,FWD,NA,0,NA,NA,NA
1002372,241,Hugh,Dixon,FRE,FWD,NA,NA,0,NA,NA,NA
994047,57,Cedric,Cox,BRL,FWD,NA,NA,0,NA,NA,NA
1009528,386,Tom,Green,GWS,MID,NA,NA,0,NA,NA,NA
991773,10,Billy,Frampton,ADE,FWD,NA,NA,0,NA,NA,NA
1009260,290,Sam,Flanders,GCS,MID,FWD,NA,0,NA,NA,NA
1008541,480,Kysaiah,Kropinyeri-Pickett,MEL,FWD,NA,NA,0,NA,NA,NA
1006303,744,Fergus,Greene,WBD,FWD,NA,NA,0,NA,NA,NA
290326,58,Matt,Eagles,BRL,DEF,NA,NA,0,NA,NA,NA
1005084,544,Will,Walker,NTH,FWD,NA,NA,0,NA,NA,NA
1008550,420,Will,Day,HAW,DEF,NA,NA,0,NA,NA,NA
993796,4,Ben,Crocker,ADE,FWD,NA,NA,0,NA,NA,NA
1000905,531,Tom,Murphy,NTH,DEF,NA,NA,0,NA,NA,NA
1002143,530,Ben,McKay,NTH,DEF,NA,NA,0,NA,NA,NA
1009191,552,Miles,Bergman,PTA,FWD,NA,NA,0,NA,NA,NA
298336,332,Nakia,Cockatoo,GEE,MID,FWD,NA,0,NA,NA,NA
1002401,87,Brandon,Starcevich,BRL,DEF,MID,NA,0,NA,NA,NA
998167,135,Tom,Williamson,CAR,DEF,NA,NA,0,NA,NA,NA
1011803,768,Cody,Weightman,WBD,FWD,NA,NA,0,NA,NA,NA
998791,826,Jamaine,Jones,WCE,FWD,NA,NA,0,NA,NA,NA
1008083,394,Connor,Idun,GWS,DEF,NA,NA,0,NA,NA,NA
997770,558,Wylie,Buzza,PTA,FWD,NA,NA,0,NA,NA,NA
1006151,234,Jason,Carter,FRE,DEF,NA,NA,0,NA,NA,NA
1004948,364,Cooper,Stephens,GEE,MID,NA,NA,0,NA,NA,NA
998100,126,Cameron,Polson,CAR,FWD,NA,NA,0,NA,NA,NA
997501,742,Ryan,Gardner,WBD,FWD,NA,NA,0,NA,NA,NA
1009241,106,Brodie,Kemp,CAR,MID,NA,NA,0,NA,NA,NA
998327,521,Kyron,Hayden,NTH,MID,NA,NA,0,NA,NA,NA
1002300,778,Jarrod,Brander,WCE,DEF,FWD,NA,0,NA,NA,NA
1010174,569,Mitchell,Georgiades,PTA,FWD,NA,NA,0,NA,NA,NA
298316,103,Hugh,Goddard,CAR,DEF,NA,NA,0,NA,NA,NA
1002291,685,James,Bell,SYD,FWD,MID,NA,0,NA,NA,NA
998225,409,Zach,Sproule,GWS,FWD,NA,NA,0,NA,NA,NA
1009229,336,Sam,De Koning,GEE,DEF,NA,NA,0,NA,NA,NA
1002938,104,Josh,Honey,CAR,MID,FWD,NA,0,NA,NA,NA
1004995,3,Jordon,Butts,ADE,DEF,NA,NA,0,NA,NA,NA
298417,7,Ben,Davis,ADE,FWD,NA,NA,0,NA,NA,NA
1008159,14,William,Hamill,ADE,DEF,NA,NA,0,NA,NA,NA
298470,24,Shane,McAdam,ADE,FWD,NA,NA,0,NA,NA,NA
1008185,26,Ned,McHenry,ADE,MID,NA,NA,0,NA,NA,NA
997206,27,Andrew,McPherson,ADE,DEF,NA,NA,0,NA,NA,NA
1006136,35,Lachlan,Sholl,ADE,DEF,NA,NA,0,NA,NA,NA
1008752,39,Kieran,Strachan,ADE,RUC,FWD,NA,0,NA,NA,NA
1002351,50,Connor,Ballenden,BRL,FWD,NA,NA,0,NA,NA,NA
1006100,52,Thomas,Berry,BRL,FWD,NA,NA,0,NA,NA,NA
1013532,60,Thomas,Fullarton,BRL,FWD,NA,NA,0,NA,NA,NA
1006150,64,Tom,Joyce,BRL,FWD,MID,NA,0,NA,NA,NA
1013978,68,James,Madden,BRL,DEF,FWD,NA,0,NA,NA,NA
1006085,73,Connor,McFadyen,BRL,FWD,NA,NA,0,NA,NA,NA
1002347,77,Jack,Payne,BRL,DEF,NA,NA,0,NA,NA,NA
1006033,86,Ely,Smith,BRL,FWD,MID,NA,0,NA,NA,NA
1002244,89,Toby,Wooller,BRL,FWD,MID,NA,0,NA,NA,NA
1008154,93,Matthew,Cottrell,CAR,DEF,NA,NA,0,NA,NA,NA
1004912,98,Tom,De Koning,CAR,RUC,NA,NA,0,NA,NA,NA
998226,110,Harrison,Macreadie,CAR,DEF,NA,NA,0,NA,NA,NA
1011924,119,Finbar,O'Dwyer,CAR,FWD,NA,NA,0,NA,NA,NA
1013973,120,Matthew,Owies,CAR,FWD,NA,NA,0,NA,NA,NA
1011949,129,Ben,Silvagni,CAR,DEF,NA,NA,0,NA,NA,NA
1008288,140,Atu,Bosenavulagi,COL,FWD,NA,NA,0,NA,NA,NA
1008171,143,Tyler,Brown,COL,MID,NA,NA,0,NA,NA,NA
990291,144,Darcy,Cameron,COL,RUC,FWD,NA,0,NA,NA,NA
1013974,154,Mark,Keane,COL,DEF,NA,NA,0,NA,NA,NA
1008285,155,Will,Kelly,COL,FWD,NA,NA,0,NA,NA,NA
1000960,157,Max,Lynch,COL,RUC,NA,NA,0,NA,NA,NA
1005107,163,Nathan,Murphy,COL,DEF,NA,NA,0,NA,NA,NA
1013975,177,Anton,Tohill,COL,FWD,NA,NA,0,NA,NA,NA
1005577,190,Sam,Draper,ESS,RUC,NA,NA,0,9856,TRUE,RUC
1011864,194,Noah,Gown,ESS,FWD,NA,NA,0,NA,NA,NA
1006097,212,Irving,Mosquito,ESS,FWD,NA,NA,0,NA,NA,NA
1000980,255,Lloyd,Meek,FRE,RUC,NA,NA,0,NA,NA,NA
1005831,258,Dillon,O'Reilly,FRE,DEF,NA,NA,0,NA,NA,NA
1013611,264,Sam,Sturt,FRE,FWD,NA,NA,0,NA,NA,NA
1004850,269,Luke,Valente,FRE,MID,NA,NA,0,NA,NA,NA
1004437,271,Tobe,Watson,FRE,DEF,NA,NA,0,NA,NA,NA
1006110,291,Sam,Fletcher,GCS,MID,NA,NA,0,NA,NA,NA
1000044,305,Jez,McLennan,GCS,DEF,NA,NA,0,NA,NA,NA
1001195,311,Izak,Rankine,GCS,FWD,NA,NA,0,NA,NA,NA
1006108,312,Mitchell,Riordan,GCS,MID,NA,NA,0,NA,NA,NA
1008940,346,Ben,Jarvis,GEE,DEF,NA,NA,0,NA,NA,NA
1004681,348,Jacob,Kennerley,GEE,DEF,NA,NA,0,NA,NA,NA
997254,350,Nathan,Kreuger,GEE,FWD,NA,NA,0,NA,NA,NA
1013977,355,Stefan,Okunbor,GEE,DEF,NA,NA,0,NA,NA,NA
1008202,360,Blake,Schlensog,GEE,FWD,NA,NA,0,NA,NA,NA
1004940,362,Sam,Simpson,GEE,MID,NA,NA,0,NA,NA,NA
999382,368,Jake,Tarca,GEE,FWD,NA,NA,0,NA,NA,NA
1008436,372,Kieren,Briggs,GWS,DEF,FWD,NA,0,NA,NA,NA
1014038,373,Callum M.,Brown,GWS,DEF,NA,NA,0,NA,NA,NA
1009708,374,Jack,Buckley,GWS,FWD,MID,NA,0,NA,NA,NA
993902,385,Matthew,Flynn,GWS,RUC,NA,NA,0,NA,NA,NA
1006135,402,Xavier,O'Halloran,GWS,MID,NA,NA,0,NA,NA,NA
1002296,408,Nick,Shipley,GWS,MID,NA,NA,0,NA,NA,NA
1006128,424,Will,Golds,HAW,FWD,MID,NA,0,NA,NA,NA
1006159,425,Damon,Greaves,HAW,DEF,NA,NA,0,NA,NA,NA
1004991,435,Harrison,Jones,HAW,MID,NA,NA,0,NA,NA,NA
1006030,436,Jacob,Koschitzke,HAW,DEF,NA,NA,0,NA,NA,NA
1001024,450,Ned,Reeves,HAW,RUC,NA,NA,0,NA,NA,NA
1004919,451,Jackson,Ross,HAW,FWD,NA,NA,0,NA,NA,NA
1002590,458,Mathew,Walker,HAW,FWD,NA,NA,0,NA,NA,NA
1008139,462,Toby,Bedford,MEL,FWD,NA,NA,0,NA,NA,NA
1014081,463,Austin,Bradtke,MEL,RUC,NA,NA,0,NA,NA,NA
1013409,478,James,Jordon,MEL,MID,NA,NA,0,NA,NA,NA
1004695,489,Aaron,Nietschke,MEL,MID,NA,NA,0,NA,NA,NA
1006138,512,Joel,Crocker,NTH,DEF,NA,NA,0,NA,NA,NA
1001351,523,Lachlan,Hosie,NTH,FWD,NA,NA,0,NA,NA,NA
1006137,538,Curtis,Taylor,NTH,FWD,NA,NA,0,NA,NA,NA
1004965,547,Tristan,Xerri,NTH,RUC,FWD,NA,0,NA,NA,NA
1002355,561,Tobin,Cox,PTA,FWD,NA,NA,0,NA,NA,NA
999320,567,Martin,Frederick,PTA,DEF,NA,NA,0,NA,NA,NA
1002248,573,Sam,Hayes,PTA,RUC,NA,NA,0,NA,NA,NA
1002392,585,Jake,Patmore,PTA,FWD,MID,NA,0,NA,NA,NA
992786,595,Jake,Aarts,RIC,FWD,NA,NA,0,NA,NA,NA
1008297,605,Riley,Collier-Dawkins,RIC,MID,NA,NA,0,NA,NA,NA
1006536,611,Luke,English,RIC,FWD,MID,NA,0,NA,NA,NA
1002403,623,Ben,Miller,RIC,DEF,NA,NA,0,NA,NA,NA
993771,627,Marlion,Pickett,RIC,MID,NA,NA,0,NA,NA,NA
1006208,636,Fraser,Turner,RIC,MID,NA,NA,0,NA,NA,NA
1013976,639,Sam,Alabakis,STK,RUC,NA,NA,0,NA,NA,NA
1002922,647,Jack,Bytel,STK,MID,NA,NA,0,NA,NA,NA
1002266,650,Oscar,Clavarino,STK,DEF,NA,NA,0,NA,NA,NA
1006143,663,Max,King,STK,FWD,NA,NA,0,NA,NA,NA
1004360,669,Jack,Mayo,STK,FWD,NA,NA,0,NA,NA,NA
1008091,684,Joel,Amartey,SYD,RUC,NA,NA,0,NA,NA,NA
1011791,692,Zac,Foot,SYD,FWD,MID,NA,0,NA,NA,NA
1012101,701,Michael,Knoll,SYD,RUC,NA,NA,0,NA,NA,NA
1004949,702,Matthew,Ling,SYD,DEF,NA,NA,0,NA,NA,NA
1011936,706,Justin,McInerney,SYD,MID,NA,NA,0,NA,NA,NA
1013624,717,Harry,Reynolds,SYD,DEF,NA,NA,0,NA,NA,NA
1008080,723,Ryley,Stoddart,SYD,DEF,NA,NA,0,NA,NA,NA
1006232,728,Samuel,Wicks,SYD,MID,NA,NA,0,NA,NA,NA
296070,732,Ben,Cavarra,WBD,FWD,NA,NA,0,NA,NA,NA
998782,750,Buku,Khamis,WBD,DEF,NA,NA,0,NA,NA,NA
1002383,758,Callum,Porter,WBD,MID,NA,NA,0,NA,NA,NA
992330,764,Jordon,Sweet,WBD,RUC,NA,NA,0,NA,NA,NA
1005000,766,Laitham,Vandermeer,WBD,FWD,MID,NA,0,NA,NA,NA
1011437,785,Harry,Edwards,WCE,DEF,NA,NA,0,NA,NA,NA
1005599,786,Luke,Foley,WCE,DEF,NA,NA,0,NA,NA,NA
1008282,800,Xavier,O'Neill,WCE,MID,NA,NA,0,NA,NA,NA
1006114,815,Bailey J.,Williams,WCE,DEF,RUC,NA,0,NA,NA,NA
291594,817,Harley,Bennell,MEL,MID,NA,NA,0,NA,NA,NA
1011789,720,Brady,Rowles,SYD,DEF,MID,NA,0,NA,NA,NA
1009221,642,Jack,Bell,STK,RUC,NA,NA,0,NA,NA,NA
1011929,123,Sam,Philp,CAR,MID,NA,NA,0,NA,NA,NA
1007854,260,Jarvis,Pina,FRE,DEF,MID,NA,0,NA,NA,NA
1009389,584,Jake,Pasini,PTA,DEF,NA,NA,0,NA,NA,NA
1018075,13,Lachlan,Gollant,ADE,DEF,MID,NA,0,NA,NA,NA
1011254,31,Ronin,O'Connor,ADE,MID,NA,NA,0,NA,NA,NA
1008543,33,Harry,Schoenberg,ADE,MID,NA,NA,0,NA,NA,NA
1011981,43,Joshua,Worrell,ADE,DEF,FWD,NA,0,NA,NA,NA
1006059,56,Keidean,Coleman,BRL,MID,FWD,NA,0,NA,NA,NA
1009386,78,Jaxon,Prior,BRL,DEF,NA,NA,0,NA,NA,NA
1009385,81,Deven,Robertson,BRL,MID,NA,NA,0,NA,NA,NA
1009242,85,Brock,Smith,BRL,DEF,NA,NA,0,NA,NA,NA
1002942,127,Sam,Ramsay,CAR,MID,NA,NA,0,NA,NA,NA
1009186,139,Trent,Bianco,COL,DEF,MID,NA,0,NA,NA,NA
1015793,168,Jay,Rantall,COL,MID,NA,NA,0,NA,NA,NA
1009383,171,Trey,Ruscoe,COL,DEF,MID,NA,0,NA,NA,NA
1011954,185,Nick,Bryan,ESS,RUC,NA,NA,0,NA,NA,NA
1009223,186,Ned,Cahill,ESS,MID,FWD,NA,0,NA,NA,NA
1006506,201,Lachlan,Johnson,ESS,MID,FWD,NA,0,NA,NA,NA
1011755,202,Harrison,Jones,ESS,FWD,NA,NA,0,NA,NA,NA
999321,243,Minairo,Frederick,FRE,FWD,NA,NA,0,NA,NA,NA
999715,288,Jy,Farrar,GCS,FWD,NA,NA,0,NA,NA,NA
1009380,317,Jeremy,Sharp,GCS,MID,NA,NA,0,NA,NA,NA
1017255,338,Francis,Evans,GEE,FWD,NA,NA,0,NA,NA,NA
1008603,367,Cameron,Taheny,GEE,FWD,NA,NA,0,NA,NA,NA
296984,393,Tom,Hutchesson,GWS,MID,FWD,NA,0,NA,NA,NA
1008123,405,Jake,Riccardi,GWS,FWD,NA,NA,0,9867,FALSE,FWD
1009421,438,Finn,Maginness,HAW,MID,NA,NA,0,NA,NA,NA
1008537,442,Josh,Morris,HAW,FWD,NA,NA,0,NA,NA,NA
1009378,494,Trent,Rivers,MEL,DEF,MID,NA,0,NA,NA,NA
1015781,511,Charlie,Comben,NTH,RUC,FWD,NA,0,NA,NA,NA
1009189,527,Jack,Mahony,NTH,MID,FWD,NA,0,NA,NA,NA
1011771,532,Flynn,Perez,NTH,DEF,NA,NA,0,NA,NA,NA
1005326,582,Jackson,Mead,PTA,MID,NA,NA,0,NA,NA,NA
1009195,592,Dylan,Williams,PTA,MID,FWD,NA,0,NA,NA,NA
1009308,607,Noah,Cumberland,RIC,MID,FWD,NA,0,NA,NA,NA
1009226,608,Thomson,Dow,RIC,MID,NA,NA,0,NA,NA,NA
1009313,621,Will,Martyn,RIC,MID,NA,NA,0,NA,NA,NA
1006193,626,Bigoa,Nyuon,RIC,DEF,RUC,NA,0,NA,NA,NA
1011985,629,Hugo,Ralphsmith,RIC,MID,FWD,NA,0,NA,NA,NA
1011994,646,Ryan,Byrnes,STK,MID,NA,NA,0,NA,NA,NA
1009228,652,Leo,Connolly,STK,DEF,MID,NA,0,NA,NA,NA
1004113,695,Will,Gould,SYD,DEF,NA,NA,0,NA,NA,NA
1005997,724,Elijah,Taylor,SYD,MID,FWD,NA,0,NA,NA,NA
1012014,727,Chad,Warner,SYD,MID,NA,NA,0,NA,NA,NA
1011992,731,Louis,Butler,WBD,DEF,MID,NA,0,NA,NA,NA
1006533,741,Riley,Garcia,WBD,MID,NA,NA,0,NA,NA,NA
1011243,791,Callum,Jamieson,WCE,RUC,NA,NA,0,NA,NA,NA
1011464,793,Ben,Johnson,WCE,DEF,NA,NA,0,NA,NA,NA
296452,823,Darren,Minchington,HAW,FWD,NA,NA,0,NA,NA,NA
290889,824,Keegan,Brooksby,HAW,RUC,NA,NA,0,NA,NA,NA
1005150,433,Emerson,Jeka,HAW,FWD,NA,NA,0,NA,NA,NA
298407,198,Mitchell,Hibberd,ESS,MID,NA,NA,0,NA,NA,NA
1001412,810,Anthony,Treacy,WCE,FWD,NA,NA,0,NA,NA,NA
993836,83,Sam,Skinner,BRL,FWD,NA,NA,0,NA,NA,NA
999326,331,Bradley,Close,GEE,MID,FWD,NA,0,NA,NA,NA
1008454,279,Connor,Budarick,GCS,MID,FWD,NA,0,NA,NA,NA
1011861,122,Fraser,Phillips,CAR,FWD,NA,NA,0,NA,NA,NA
998662,704,Jack,Maibaum,SYD,DEF,NA,NA,0,NA,NA,NA
998105,66,Corey,Lyons,BRL,MID,NA,NA,0,NA,NA,NA
993797,181,Thomas,Wilson,COL,FWD,NA,NA,0,NA,NA,NA
1018969,205,Cian,McBride,ESS,DEF,NA,NA,0,NA,NA,NA
1019156,210,Ross,McQuillan,ESS,DEF,FWD,NA,0,NA,NA,NA
1017984,233,Isaiah,Butters,FRE,FWD,NA,NA,0,NA,NA,NA
1003132,257,Tom,North,FRE,MID,NA,NA,0,NA,NA,NA
1009381,267,Leno,Thomas,FRE,DEF,NA,NA,0,NA,NA,NA
1009334,282,Matthew,Conroy,GCS,RUC,NA,NA,0,NA,NA,NA
1016116,309,Patrick,Murtagh,GCS,FWD,NA,NA,0,NA,NA,NA
1005986,313,Malcolm,Rosas,GCS,FWD,NA,NA,0,NA,NA,NA
1019157,321,Luke,Towey,GCS,DEF,NA,NA,0,NA,NA,NA
1006101,329,Oscar,Brownless,GEE,FWD,NA,NA,0,NA,NA,NA
1011873,448,Harrison,Pepper,HAW,DEF,NA,NA,0,NA,NA,NA
1006653,529,Matthew,McGuinness,NTH,DEF,NA,NA,0,NA,NA,NA
1008531,555,Trent,Burgoyne,PTA,FWD,NA,NA,0,NA,NA,NA
1004829,571,Riley,Grundy,PTA,DEF,NA,NA,0,NA,NA,NA
999346,594,Boyd,Woodcock,PTA,FWD,NA,NA,0,NA,NA,NA
1019158,711,Barry,O'Connor,SYD,DEF,FWD,NA,0,NA,NA,NA
998107,779,Hamish,Brayshaw,WCE,MID,NA,NA,0,NA,NA,NA
1009353,799,Mitchell,O'Neill,WCE,MID,NA,NA,0,NA,NA,NA
1016214,818,Ayce,Taylor,ADE,DEF,NA,NA,0,NA,NA,NA
1016097,821,Henry,Crauford,ESS,RUC,NA,NA,0,NA,NA,NA
1020224,822,Tom,Hird,ESS,MID,NA,NA,0,NA,NA,NA
297668,825,Nicholas,Reid,WCE,FWD,NA,NA,0,NA,NA,NA
260310,644,Nathan,*** Brown,STK,DEF,NA,NA,0,NA,NA,NA
