player.feed_id,player_id,round,picked,position,points,ppts,player.first_name,player.last_name,player.team.abbrev,user_team_id,userTeam.teamname,userTeam.user_id,userTeam.user.first_name
291313,153,1,true,DEF,156,65,Jeremy,Howe,COL,9806,HoweIMetYourMother,86078,Lester
240283,789,1,true,DEF,152,114,Shannon,Hurn,WCE,9806,HoweIMetYourMother,86078,Lester
993998,536,1,true,FWD,131,67,Jy,Simpkin,NTH,9806,HoweIMetYourMother,86078,Lester
260382,700,1,true,MID,129,104,Josh P.,Kennedy,SYD,9806,HoweIMetYourMother,86078,Lester
296296,807,1,true,MID,128,105,Dom,Sheed,WCE,9806,HoweIMetYourMother,86078,Lester
290847,620,1,true,FWD,126,106,Dustin,Martin,RIC,9806,HoweIMetYourMother,86078,Lester
293716,67,1,true,MID,115,104,Jarryd,Lyons,BRL,9806,HoweIMetYourMother,86078,Lester
990704,94,1,true,MID,112,120,Patrick,Cripps,CAR,9806,HoweIMetYourMother,86078,Lester
298272,307,1,true,MID,111,95,Touk,Miller,GCS,9806,HoweIMetYourMother,86078,Lester
291800,366,1,true,DEF,100,112,Tom,Stewart,GEE,9806,HoweIMetYourMother,86078,Lester
290117,656,1,true,MID,93,106,Dan,Hannebery,STK,9806,HoweIMetYourMother,86078,Lester
993905,709,1,true,DEF,85,86,Callum,Mills,SYD,9806,HoweIMetYourMother,86078,Lester
298279,464,1,true,MID,71,86,Angus,Brayshaw,MEL,9806,HoweIMetYourMother,86078,Lester
290746,578,1,true,RUC,70,100,Scott,Lycett,PTA,9806,HoweIMetYourMother,86078,Lester
293845,377,1,true,FWD,70,80,Jeremy,Cameron,GWS,9806,HoweIMetYourMother,86078,Lester
1002232,232,1,true,FWD,66,66,Andrew,Brayshaw,FRE,9806,HoweIMetYourMother,86078,Lester
260750,591,1,true,FWD,57,82,Justin,Westhoff,PTA,9806,HoweIMetYourMother,86078,Lester
291748,37,1,true,DEF,55,81,Brodie,Smith,ADE,9806,HoweIMetYourMother,86078,Lester
261892,572,1,false,DEF,0,0,Hamish,Hartlett,PTA,9806,HoweIMetYourMother,86078,Lester
291790,178,1,false,MID,0,0,Adam,Treloar,COL,9806,HoweIMetYourMother,86078,Lester
294036,699,1,false,MID,0,0,George,Hewett,SYD,9806,HoweIMetYourMother,86078,Lester
993816,268,1,false,FWD,0,0,Darcy,Tucker,FRE,9806,HoweIMetYourMother,86078,Lester
296351,643,1,true,MID,120,95,Jack,Billings,STK,33301,"What's Up, Doch?",180650,Jordan
291856,440,1,true,MID,119,116,Tom,Mitchell,HAW,33301,"What's Up, Doch?",180650,Jordan
295518,99,1,true,DEF,117,80,Sam,Docherty,CAR,33301,"What's Up, Doch?",180650,Jordan
295265,389,1,true,DEF,114,94,Nick,Haynes,GWS,33301,"What's Up, Doch?",180650,Jordan
993903,392,1,true,MID,112,91,Jacob,Hopper,GWS,33301,"What's Up, Doch?",180650,Jordan
295344,387,1,true,FWD,108,92,Toby,Greene,GWS,33301,"What's Up, Doch?",180650,Jordan
296190,112,1,true,FWD,107,69,Jack,Martin,CAR,33301,"What's Up, Doch?",180650,Jordan
298210,491,1,true,FWD,105,72,Christian,Petracca,MEL,33301,"What's Up, Doch?",180650,Jordan
261396,570,1,true,FWD,104,92,Robbie,Gray,PTA,33301,"What's Up, Doch?",180650,Jordan
998103,691,1,true,MID,99,57,Oliver,Florent,SYD,33301,"What's Up, Doch?",180650,Jordan
290311,82,1,true,MID,97,93,Mitch,Robinson,BRL,33301,"What's Up, Doch?",180650,Jordan
290528,469,1,true,RUC,93,141,Max,Gawn,MEL,33301,"What's Up, Doch?",180650,Jordan
260930,609,1,true,DEF,86,89,Shane,Edwards,RIC,33301,"What's Up, Doch?",180650,Jordan
290623,601,1,true,MID,84,76,Josh,Caddy,RIC,33301,"What's Up, Doch?",180650,Jordan
294674,637,1,true,DEF,78,89,Nick,Vlastuin,RIC,33301,"What's Up, Doch?",180650,Jordan
270732,763,1,true,DEF,67,85,Matthew,Suckling,WBD,33301,"What's Up, Doch?",180650,Jordan
291545,767,1,true,FWD,59,74,Mitch,Wallis,WBD,33301,"What's Up, Doch?",180650,Jordan
261224,90,1,true,MID,52,111,Dayne,Zorko,BRL,33301,"What's Up, Doch?",180650,Jordan
998128,88,1,false,DEF,0,0,Alex,Witherden,BRL,33301,"What's Up, Doch?",180650,Jordan
293479,59,1,false,MID,0,0,Cameron,Ellis-Yolmen,BRL,33301,"What's Up, Doch?",180650,Jordan
290629,197,1,false,MID,0,0,Dyson,Heppell,ESS,33301,"What's Up, Doch?",180650,Jordan
240052,256,1,false,MID,0,0,David,Mundy,FRE,33301,"What's Up, Doch?",180650,Jordan
293535,76,1,true,MID,157,119,Lachie,Neale,BRL,5524,The Dragon's Laird,45168,Luke
291962,459,1,true,FWD,131,78,Chad,Wingard,HAW,5524,The Dragon's Laird,45168,Luke
250365,553,1,true,MID,125,102,Travis,Boak,PTA,5524,The Dragon's Laird,45168,Luke
1001299,588,1,true,FWD,125,88,Connor,Rozee,PTA,5524,The Dragon's Laird,45168,Luke
270963,36,1,true,MID,123,118,Rory,Sloane,ADE,5524,The Dragon's Laird,45168,Luke
290627,628,1,true,MID,118,101,Dion,Prestia,RIC,5524,The Dragon's Laird,45168,Luke
294613,446,1,true,MID,112,100,Jaeger,O'Meara,HAW,5524,The Dragon's Laird,45168,Luke
297523,30,1,true,RUC,107,95,Reilly,O'Brien,ADE,5524,The Dragon's Laird,45168,Luke
1006130,761,1,true,FWD,106,65,Bailey,Smith,WBD,5524,The Dragon's Laird,45168,Luke
293222,21,1,true,DEF,88,103,Rory,Laird,ADE,5524,The Dragon's Laird,45168,Luke
996765,713,1,true,FWD,85,66,Tom,Papley,SYD,5524,The Dragon's Laird,45168,Luke
294557,746,1,true,MID,84,88,Lachie,Hunter,WBD,5524,The Dragon's Laird,45168,Luke
295342,703,1,true,DEF,77,97,Jake,Lloyd,SYD,5524,The Dragon's Laird,45168,Luke
270935,200,1,true,DEF,63,82,Michael,Hurley,ESS,5524,The Dragon's Laird,45168,Luke
293871,146,1,true,DEF,62,94,Jack,Crisp,COL,5524,The Dragon's Laird,45168,Luke
270146,97,1,true,MID,57,90,Ed,Curnow,CAR,5524,The Dragon's Laird,45168,Luke
1002239,235,1,true,DEF,54,64,Adam,Cerra,FRE,5524,The Dragon's Laird,45168,Luke
1006126,719,1,true,FWD,46,62,James,Rowbottom,SYD,5524,The Dragon's Laird,45168,Luke
281085,484,1,false,DEF,0,0,Steven,May,MEL,5524,The Dragon's Laird,45168,Luke
295584,657,1,false,MID,0,0,Bradley,Hill,STK,5524,The Dragon's Laird,45168,Luke
293846,676,1,false,MID,0,0,Sebastian,Ross,STK,5524,The Dragon's Laird,45168,Luke
291351,426,1,false,FWD,0,0,Jack,Gunston,HAW,5524,The Dragon's Laird,45168,Luke
291902,501,1,true,MID,186,76,Jack,Viney,MEL,182,Coronaviney,300791,Paul
280921,513,1,true,MID,185,107,Ben,Cunnington,NTH,182,Coronaviney,300791,Paul
298539,698,1,true,FWD,152,106,Isaac,Heeney,SYD,182,Coronaviney,300791,Paul
270811,395,1,true,RUC,134,81,Sam,Jacobs,GWS,182,Coronaviney,300791,Paul
290801,787,1,true,MID,119,108,Andrew,Gaff,WCE,182,Coronaviney,300791,Paul
992016,211,1,true,MID,111,117,Zach,Merrett,ESS,182,Coronaviney,300791,Paul
294305,414,1,true,FWD,109,116,Lachie,Whitfield,GWS,182,Coronaviney,300791,Paul
996059,47,1,true,DEF,103,98,Harris,Andrews,BRL,182,Coronaviney,300791,Paul
291327,418,1,true,FWD,101,75,Jonathon,Ceglar,HAW,182,Coronaviney,300791,Paul
990882,28,1,true,DEF,96,64,Wayne,Milera,ADE,182,Coronaviney,300791,Paul
992242,690,1,true,DEF,84,86,Jordan,Dawson,SYD,182,Coronaviney,300791,Paul
993834,738,1,true,MID,67,120,Josh,Dunkley,WBD,182,Coronaviney,300791,Paul
294101,747,1,true,DEF,61,72,Jason,Johannisen,WBD,182,Coronaviney,300791,Paul
993817,214,1,true,FWD,53,81,Darcy,Parish,ESS,182,Coronaviney,300791,Paul
998129,278,1,true,MID,36,91,Will,Brodie,GCS,182,Coronaviney,300791,Paul
281373,802,1,true,MID,36,84,Jack,Redden,WCE,182,Coronaviney,300791,Paul
298421,655,1,true,FWD,27,86,Jade,Gresham,STK,182,Coronaviney,300791,Paul
280933,675,1,true,DEF,26,48,Dylan,Roberton,STK,182,Coronaviney,300791,Paul
250312,616,1,false,DEF,0,0,Bachar,Houli,RIC,182,Coronaviney,300791,Paul
280109,413,1,false,MID,0,0,Callan,Ward,GWS,182,Coronaviney,300791,Paul
291975,323,1,false,RUC,0,0,Jarrod,Witts,GCS,182,Coronaviney,300791,Paul
291533,486,1,false,FWD,0,0,Tom,McDonald,MEL,182,Coronaviney,300791,Paul
293957,151,1,true,RUC,179,145,Brodie,Grundy,COL,186,GetRichOrDieTryin,21562,Mark
296205,680,1,true,MID,128,102,Jack,Steele,STK,186,GetRichOrDieTryin,21562,Mark
260257,165,1,true,MID,109,93,Scott,Pendlebury,COL,186,GetRichOrDieTryin,21562,Mark
280078,809,1,true,MID,104,105,Luke,Shuey,WCE,186,GetRichOrDieTryin,21562,Mark
261510,343,1,true,FWD,103,89,Tom,Hawkins,GEE,186,GetRichOrDieTryin,21562,Mark
296347,397,1,true,MID,102,113,Josh,Kelly,GWS,186,GetRichOrDieTryin,21562,Mark
281080,808,1,true,DEF,94,80,Brad,Sheppard,WCE,186,GetRichOrDieTryin,21562,Mark
260227,522,1,true,MID,93,97,Shaun,Higgins,NTH,186,GetRichOrDieTryin,21562,Mark
1002222,460,1,true,MID,93,89,James,Worpel,HAW,186,GetRichOrDieTryin,21562,Mark
290032,617,1,true,FWD,90,100,Kane,Lambert,RIC,186,GetRichOrDieTryin,21562,Mark
271072,80,1,true,DEF,87,93,Daniel,Rich,BRL,186,GetRichOrDieTryin,21562,Mark
1002264,649,1,true,DEF,84,63,Hunter,Clark,STK,186,GetRichOrDieTryin,21562,Mark
230202,131,1,true,DEF,82,88,Kade,Simpson,CAR,186,GetRichOrDieTryin,21562,Mark
297401,6,1,true,MID,68,93,Matt,Crouch,ADE,186,GetRichOrDieTryin,21562,Mark
290838,783,1,true,FWD,68,57,Jack,Darling,WCE,186,GetRichOrDieTryin,21562,Mark
994185,148,1,true,FWD,66,83,Jordan,De Goey,COL,186,GetRichOrDieTryin,21562,Mark
293813,618,1,true,FWD,55,69,Tom J.,Lynch,RIC,186,GetRichOrDieTryin,21562,Mark
998659,261,1,true,DEF,52,96,Luke,Ryan,FRE,186,GetRichOrDieTryin,21562,Mark
298450,231,1,false,DEF,0,0,Connor,Blakely,FRE,186,GetRichOrDieTryin,21562,Mark
250105,115,1,false,MID,0,0,Marc,Murphy,CAR,186,GetRichOrDieTryin,21562,Mark
250321,361,1,false,MID,0,0,Joel,Selwood,GEE,186,GetRichOrDieTryin,21562,Mark
261911,565,1,false,FWD,0,0,Brad,Ebert,PTA,186,GetRichOrDieTryin,21562,Mark
271129,519,1,true,RUC,136,123,Todd,Goldstein,NTH,189,The Full Bonty,10857,Anthony
280965,173,1,true,MID,125,89,Steele,Sidebottom,COL,189,The Full Bonty,10857,Anthony
281065,337,1,true,MID,120,102,Mitch,Duncan,GEE,189,The Full Bonty,10857,Anthony
991930,559,1,true,DEF,114,82,Darcy,Byrne-Jones,PTA,189,The Full Bonty,10857,Anthony
993979,586,1,true,FWD,105,81,Sam,Powell-Pepper,PTA,189,The Full Bonty,10857,Anthony
992128,556,1,true,DEF,101,73,Ryan,Burton,PTA,189,The Full Bonty,10857,Anthony
996701,490,1,true,MID,99,105,Clayton,Oliver,MEL,189,The Full Bonty,10857,Anthony
291526,334,1,true,FWD,98,78,Luke,Dahlhaus,GEE,189,The Full Bonty,10857,Anthony
294307,5,1,true,MID,92,92,Brad,Crouch,ADE,189,The Full Bonty,10857,Anthony
1000223,597,1,true,DEF,91,77,Liam,Baker,RIC,189,The Full Bonty,10857,Anthony
992049,633,1,true,DEF,86,68,Jayden,Short,RIC,189,The Full Bonty,10857,Anthony
295898,794,1,true,MID,86,112,Tim,Kelly,WCE,189,The Full Bonty,10857,Anthony
990606,221,1,true,FWD,82,85,William,Snelling,ESS,189,The Full Bonty,10857,Anthony
250267,677,1,true,FWD,79,84,Paddy,Ryder,STK,189,The Full Bonty,10857,Anthony
297373,729,1,true,MID,76,108,Marcus,Bontempelli,WBD,189,The Full Bonty,10857,Anthony
298524,322,1,true,DEF,61,89,Lachie,Weller,GCS,189,The Full Bonty,10857,Anthony
996464,304,1,true,FWD,56,78,Darcy,MacPherson,GCS,189,The Full Bonty,10857,Anthony
1006094,133,1,true,MID,55,72,Sam,Walsh,CAR,189,The Full Bonty,10857,Anthony
294685,415,1,false,DEF,0,0,Zac,Williams,GWS,189,The Full Bonty,10857,Anthony
998102,207,1,false,MID,0,0,Andrew,McGrath,ESS,189,The Full Bonty,10857,Anthony
999824,353,1,false,MID,0,0,Quinton,Narkle,GEE,189,The Full Bonty,10857,Anthony
270912,365,1,false,FWD,0,0,Jack,Steven,GEE,189,The Full Bonty,10857,Anthony
291783,219,1,true,MID,163,106,Dylan,Shiel,ESS,9867,Bad Boys For Fyfe,71052,James
290778,714,1,true,MID,125,93,Luke,Parker,SYD,9867,Bad Boys For Fyfe,71052,James
281091,293,1,true,FWD,116,94,Hugh,Greenwood,GCS,9867,Bad Boys For Fyfe,71052,James
291969,378,1,true,MID,114,89,Stephen,Coniglio,GWS,9867,Bad Boys For Fyfe,71052,James
994539,121,1,true,DEF,113,73,Sam,Petrevski-Seton,CAR,9867,Bad Boys For Fyfe,71052,James
291570,244,1,true,MID,110,118,Nat,Fyfe,FRE,9867,Bad Boys For Fyfe,71052,James
295461,218,1,true,DEF,110,99,Adam,Saad,ESS,9867,Bad Boys For Fyfe,71052,James
291771,220,1,true,FWD,105,73,Devon,Smith,ESS,9867,Bad Boys For Fyfe,71052,James
290832,319,1,true,MID,92,83,David,Swallow,GCS,9867,Bad Boys For Fyfe,71052,James
295136,736,1,true,DEF,92,104,Caleb,Daniel,WBD,9867,Bad Boys For Fyfe,71052,James
1000978,72,1,true,MID,85,111,Hugh,McCluggage,BRL,9867,Bad Boys For Fyfe,71052,James
294859,796,1,true,DEF,83,87,Jeremy,McGovern,WCE,9867,Bad Boys For Fyfe,71052,James
292511,370,1,true,DEF,64,65,Zach,Tuohy,GEE,9867,Bad Boys For Fyfe,71052,James
298111,384,1,true,FWD,62,82,Jeremy,Finlayson,GWS,9867,Bad Boys For Fyfe,71052,James
280763,69,1,true,RUC,58,93,Stefan,Martin,BRL,9867,Bad Boys For Fyfe,71052,James
292128,816,1,true,MID,57,119,Elliot,Yeo,WCE,9867,Bad Boys For Fyfe,71052,James
1001438,468,1,true,FWD,39,70,Bayley,Fritsch,MEL,9867,Bad Boys For Fyfe,71052,James
294596,671,1,true,FWD,35,75,Tim,Membrey,STK,9867,Bad Boys For Fyfe,71052,James
240700,406,1,false,DEF,0,0,Heath,Shaw,GWS,9867,Bad Boys For Fyfe,71052,James
290797,749,1,false,DEF,0,0,Alex,Keath,WBD,9867,Bad Boys For Fyfe,71052,James
999309,388,1,false,MID,0,0,Jackson,Hately,GWS,9867,Bad Boys For Fyfe,71052,James
1003130,752,1,false,FWD,0,0,Patrick,Lipinski,WBD,9867,Bad Boys For Fyfe,71052,James
270919,587,1,true,MID,115,98,Tom,Rockliff,PTA,9856,It's always Sonny,8258,Simon
270938,22,1,true,FWD,113,89,Tom,Lynch,ADE,9856,It's always Sonny,8258,Simon
291776,136,1,true,MID,112,86,Taylor,Adams,COL,9856,It's always Sonny,8258,Simon
281007,270,1,true,FWD,110,99,Michael,Walters,FRE,9856,It's always Sonny,8258,Simon
295467,755,1,true,MID,103,123,Jack,Macrae,WBD,9856,It's always Sonny,8258,Simon
220001,325,1,true,FWD,93,89,Gary,Ablett,GEE,9856,It's always Sonny,8258,Simon
294429,653,1,true,MID,92,96,Luke,Dunstan,STK,9856,It's always Sonny,8258,Simon
992468,668,1,true,RUC,92,125,Rowan,Marshall,STK,9856,It's always Sonny,8258,Simon
1005729,539,1,true,FWD,86,60,Tarryn,Thomas,NTH,9856,It's always Sonny,8258,Simon
290307,715,1,true,DEF,86,95,Dane,Rampe,SYD,9856,It's always Sonny,8258,Simon
270917,335,1,true,MID,83,116,Patrick,Dangerfield,GEE,9856,It's always Sonny,8258,Simon
994295,574,1,true,DEF,79,93,Dan,Houston,PTA,9856,It's always Sonny,8258,Simon
297899,471,1,true,MID,77,112,James,Harmes,MEL,9856,It's always Sonny,8258,Simon
297566,455,1,true,DEF,70,91,James,Sicily,HAW,9856,It's always Sonny,8258,Simon
1002583,635,1,true,DEF,55,70,Sydney,Stack,RIC,9856,It's always Sonny,8258,Simon
998133,51,1,true,MID,52,82,Jarrod,Berry,BRL,9856,It's always Sonny,8258,Simon
297907,116,1,true,DEF,39,106,Nic,Newman,CAR,9856,It's always Sonny,8258,Simon
280944,548,1,true,FWD,19,85,Jack,Ziebell,NTH,9856,It's always Sonny,8258,Simon
296359,495,1,false,DEF,0,0,Christian,Salem,MEL,9856,It's always Sonny,8258,Simon
293987,577,1,false,DEF,0,0,Jarrod,Lienert,PTA,9856,It's always Sonny,8258,Simon
993799,289,1,false,MID,0,0,Brayden,Fiorini,GCS,9856,It's always Sonny,8258,Simon
298419,356,1,false,FWD,0,0,Brandan,Parfitt,GEE,9856,It's always Sonny,8258,Simon
293535,76,2,true,MID,171,116,Lachie,Neale,BRL,5524,The Dragon's Laird,45168,Luke
297523,30,2,true,RUC,161,85,Reilly,O'Brien,ADE,5524,The Dragon's Laird,45168,Luke
1001299,588,2,true,FWD,145,81,Connor,Rozee,PTA,5524,The Dragon's Laird,45168,Luke
295342,703,2,true,DEF,145,100,Jake,Lloyd,SYD,5524,The Dragon's Laird,45168,Luke
1006130,761,2,true,FWD,126,75,Bailey,Smith,WBD,5524,The Dragon's Laird,45168,Luke
290738,534,2,true,MID,120,76,Jared,Polec,NTH,5524,The Dragon's Laird,45168,Luke
250365,553,2,true,MID,112,107,Travis,Boak,PTA,5524,The Dragon's Laird,45168,Luke
293846,676,2,true,MID,111,98,Sebastian,Ross,STK,5524,The Dragon's Laird,45168,Luke
293871,146,2,true,DEF,108,77,Jack,Crisp,COL,5524,The Dragon's Laird,45168,Luke
270146,97,2,true,MID,98,94,Ed,Curnow,CAR,5524,The Dragon's Laird,45168,Luke
1001026,217,2,true,DEF,94,73,Jordan,Ridley,ESS,5524,The Dragon's Laird,45168,Luke
996765,713,2,true,FWD,84,70,Tom,Papley,SYD,5524,The Dragon's Laird,45168,Luke
270963,36,2,true,MID,78,121,Rory,Sloane,ADE,5524,The Dragon's Laird,45168,Luke
270935,200,2,true,DEF,78,85,Michael,Hurley,ESS,5524,The Dragon's Laird,45168,Luke
290627,628,2,true,MID,72,101,Dion,Prestia,RIC,5524,The Dragon's Laird,45168,Luke
293222,21,2,true,DEF,72,90,Rory,Laird,ADE,5524,The Dragon's Laird,45168,Luke
291351,426,2,true,FWD,71,77,Jack,Gunston,HAW,5524,The Dragon's Laird,45168,Luke
291962,459,2,true,FWD,60,77,Chad,Wingard,HAW,5524,The Dragon's Laird,45168,Luke
998172,411,2,false,MID,0,0,Tim,Taranto,GWS,5524,The Dragon's Laird,45168,Luke
294613,446,2,false,MID,0,0,Jaeger,O'Meara,HAW,5524,The Dragon's Laird,45168,Luke
294557,746,2,false,MID,0,0,Lachie,Hunter,WBD,5524,The Dragon's Laird,45168,Luke
993917,665,2,false,FWD,0,0,Ben,Long,STK,5524,The Dragon's Laird,45168,Luke
291313,153,2,true,DEF,126,98,Jeremy,Howe,COL,9806,HoweIMetYourMother,86078,Lester
291800,366,2,true,DEF,119,92,Tom,Stewart,GEE,9806,HoweIMetYourMother,86078,Lester
290746,578,2,true,RUC,117,94,Scott,Lycett,PTA,9806,HoweIMetYourMother,86078,Lester
990704,94,2,true,MID,117,108,Patrick,Cripps,CAR,9806,HoweIMetYourMother,86078,Lester
993998,536,2,true,FWD,104,76,Jy,Simpkin,NTH,9806,HoweIMetYourMother,86078,Lester
260750,591,2,true,FWD,101,74,Justin,Westhoff,PTA,9806,HoweIMetYourMother,86078,Lester
298272,307,2,true,MID,98,87,Touk,Miller,GCS,9806,HoweIMetYourMother,86078,Lester
290117,656,2,true,MID,97,91,Dan,Hannebery,STK,9806,HoweIMetYourMother,86078,Lester
993905,709,2,true,DEF,96,96,Callum,Mills,SYD,9806,HoweIMetYourMother,86078,Lester
293716,67,2,true,MID,92,119,Jarryd,Lyons,BRL,9806,HoweIMetYourMother,86078,Lester
260382,700,2,true,MID,91,121,Josh P.,Kennedy,SYD,9806,HoweIMetYourMother,86078,Lester
298279,464,2,true,MID,83,75,Angus,Brayshaw,MEL,9806,HoweIMetYourMother,86078,Lester
290847,620,2,true,FWD,79,97,Dustin,Martin,RIC,9806,HoweIMetYourMother,86078,Lester
993816,268,2,true,FWD,79,68,Darcy,Tucker,FRE,9806,HoweIMetYourMother,86078,Lester
296296,807,2,true,MID,77,109,Dom,Sheed,WCE,9806,HoweIMetYourMother,86078,Lester
240283,789,2,true,DEF,73,109,Shannon,Hurn,WCE,9806,HoweIMetYourMother,86078,Lester
291748,37,2,true,DEF,56,77,Brodie,Smith,ADE,9806,HoweIMetYourMother,86078,Lester
293845,377,2,true,FWD,53,84,Jeremy,Cameron,GWS,9806,HoweIMetYourMother,86078,Lester
261892,572,2,false,DEF,0,0,Hamish,Hartlett,PTA,9806,HoweIMetYourMother,86078,Lester
291790,178,2,false,MID,0,0,Adam,Treloar,COL,9806,HoweIMetYourMother,86078,Lester
294036,699,2,false,MID,0,0,George,Hewett,SYD,9806,HoweIMetYourMother,86078,Lester
1002232,232,2,false,FWD,0,0,Andrew,Brayshaw,FRE,9806,HoweIMetYourMother,86078,Lester
290528,469,2,true,RUC,184,122,Max,Gawn,MEL,33301,"What's Up, Doch?",180650,Jordan
296351,643,2,true,MID,133,105,Jack,Billings,STK,33301,"What's Up, Doch?",180650,Jordan
991988,660,2,true,MID,127,77,Zak,Jones,STK,33301,"What's Up, Doch?",180650,Jordan
298210,491,2,true,FWD,126,91,Christian,Petracca,MEL,33301,"What's Up, Doch?",180650,Jordan
261224,90,2,true,MID,107,100,Dayne,Zorko,BRL,33301,"What's Up, Doch?",180650,Jordan
290311,82,2,true,MID,106,84,Mitch,Robinson,BRL,33301,"What's Up, Doch?",180650,Jordan
294674,637,2,true,DEF,100,84,Nick,Vlastuin,RIC,33301,"What's Up, Doch?",180650,Jordan
295265,389,2,true,DEF,97,103,Nick,Haynes,GWS,33301,"What's Up, Doch?",180650,Jordan
291856,440,2,true,MID,95,116,Tom,Mitchell,HAW,33301,"What's Up, Doch?",180650,Jordan
295518,99,2,true,DEF,93,127,Sam,Docherty,CAR,33301,"What's Up, Doch?",180650,Jordan
290629,197,2,true,MID,89,86,Dyson,Heppell,ESS,33301,"What's Up, Doch?",180650,Jordan
261396,570,2,true,FWD,77,94,Robbie,Gray,PTA,33301,"What's Up, Doch?",180650,Jordan
296190,112,2,true,FWD,71,82,Jack,Martin,CAR,33301,"What's Up, Doch?",180650,Jordan
260930,609,2,true,DEF,69,88,Shane,Edwards,RIC,33301,"What's Up, Doch?",180650,Jordan
993903,392,2,true,MID,68,115,Jacob,Hopper,GWS,33301,"What's Up, Doch?",180650,Jordan
291545,767,2,true,FWD,64,76,Mitch,Wallis,WBD,33301,"What's Up, Doch?",180650,Jordan
270732,763,2,true,DEF,47,72,Matthew,Suckling,WBD,33301,"What's Up, Doch?",180650,Jordan
295344,387,2,true,FWD,47,98,Toby,Greene,GWS,33301,"What's Up, Doch?",180650,Jordan
998128,88,2,false,DEF,0,0,Alex,Witherden,BRL,33301,"What's Up, Doch?",180650,Jordan
280737,454,2,false,MID,0,0,Liam,Shiels,HAW,33301,"What's Up, Doch?",180650,Jordan
998103,691,2,false,MID,0,0,Oliver,Florent,SYD,33301,"What's Up, Doch?",180650,Jordan
290623,601,2,false,FWD,0,0,Josh,Caddy,RIC,33301,"What's Up, Doch?",180650,Jordan
992016,211,2,true,MID,159,122,Zach,Merrett,ESS,182,Coronaviney,300791,Paul
290801,787,2,true,MID,137,104,Andrew,Gaff,WCE,182,Coronaviney,300791,Paul
993834,738,2,true,MID,131,121,Josh,Dunkley,WBD,182,Coronaviney,300791,Paul
298421,655,2,true,FWD,120,77,Jade,Gresham,STK,182,Coronaviney,300791,Paul
250312,616,2,true,DEF,111,107,Bachar,Houli,RIC,182,Coronaviney,300791,Paul
992010,159,2,true,DEF,105,80,Brayden,Maynard,COL,182,Coronaviney,300791,Paul
270896,606,2,true,MID,99,79,Trent,Cotchin,RIC,182,Coronaviney,300791,Paul
294305,414,2,true,FWD,97,105,Lachie,Whitfield,GWS,182,Coronaviney,300791,Paul
996059,47,2,true,DEF,88,91,Harris,Andrews,BRL,182,Coronaviney,300791,Paul
291902,501,2,true,MID,86,95,Jack,Viney,MEL,182,Coronaviney,300791,Paul
993817,214,2,true,FWD,86,75,Darcy,Parish,ESS,182,Coronaviney,300791,Paul
280109,413,2,true,MID,83,3,Callan,Ward,GWS,182,Coronaviney,300791,Paul
280921,513,2,true,MID,72,99,Ben,Cunnington,NTH,182,Coronaviney,300791,Paul
291327,418,2,true,FWD,71,90,Jonathon,Ceglar,HAW,182,Coronaviney,300791,Paul
990882,28,2,true,DEF,70,71,Wayne,Milera,ADE,182,Coronaviney,300791,Paul
298539,698,2,true,FWD,60,98,Isaac,Heeney,SYD,182,Coronaviney,300791,Paul
270811,395,2,true,RUC,56,101,Sam,Jacobs,GWS,182,Coronaviney,300791,Paul
992242,690,2,true,DEF,45,81,Jordan,Dawson,SYD,182,Coronaviney,300791,Paul
294101,747,2,false,DEF,0,0,Jason,Johannisen,WBD,182,Coronaviney,300791,Paul
294318,593,2,false,MID,0,0,Ollie,Wines,PTA,182,Coronaviney,300791,Paul
291975,323,2,false,RUC,0,0,Jarrod,Witts,GCS,182,Coronaviney,300791,Paul
296294,227,2,false,FWD,0,0,Blake,Acres,FRE,182,Coronaviney,300791,Paul
296205,680,2,true,MID,137,102,Jack,Steele,STK,186,GetRichOrDieTryin,21562,Mark
998659,261,2,true,DEF,123,90,Luke,Ryan,FRE,186,GetRichOrDieTryin,21562,Mark
260227,522,2,true,MID,117,78,Shaun,Higgins,NTH,186,GetRichOrDieTryin,21562,Mark
280078,809,2,true,MID,116,102,Luke,Shuey,WCE,186,GetRichOrDieTryin,21562,Mark
260257,165,2,true,MID,115,111,Scott,Pendlebury,COL,186,GetRichOrDieTryin,21562,Mark
293957,151,2,true,RUC,115,146,Brodie,Grundy,COL,186,GetRichOrDieTryin,21562,Mark
293813,618,2,true,FWD,113,84,Tom J.,Lynch,RIC,186,GetRichOrDieTryin,21562,Mark
1002264,649,2,true,DEF,105,79,Hunter,Clark,STK,186,GetRichOrDieTryin,21562,Mark
297401,6,2,true,MID,94,96,Matt,Crouch,ADE,186,GetRichOrDieTryin,21562,Mark
1002222,460,2,true,MID,91,101,James,Worpel,HAW,186,GetRichOrDieTryin,21562,Mark
296347,397,2,true,MID,89,116,Josh,Kelly,GWS,186,GetRichOrDieTryin,21562,Mark
271072,80,2,true,DEF,80,97,Daniel,Rich,BRL,186,GetRichOrDieTryin,21562,Mark
281080,808,2,true,DEF,67,89,Brad,Sheppard,WCE,186,GetRichOrDieTryin,21562,Mark
994185,148,2,true,FWD,67,80,Jordan,De Goey,COL,186,GetRichOrDieTryin,21562,Mark
261510,343,2,true,FWD,63,78,Tom,Hawkins,GEE,186,GetRichOrDieTryin,21562,Mark
290032,617,2,true,FWD,58,76,Kane,Lambert,RIC,186,GetRichOrDieTryin,21562,Mark
290838,783,2,true,FWD,53,69,Jack,Darling,WCE,186,GetRichOrDieTryin,21562,Mark
1000932,8,2,true,DEF,39,57,Tom,Doedee,ADE,186,GetRichOrDieTryin,21562,Mark
298450,231,2,false,DEF,0,0,Connor,Blakely,FRE,186,GetRichOrDieTryin,21562,Mark
250105,115,2,false,MID,0,0,Marc,Murphy,CAR,186,GetRichOrDieTryin,21562,Mark
250321,361,2,false,MID,0,0,Joel,Selwood,GEE,186,GetRichOrDieTryin,21562,Mark
298419,356,2,false,FWD,0,0,Brandan,Parfitt,GEE,186,GetRichOrDieTryin,21562,Mark
271129,519,2,true,RUC,164,107,Todd,Goldstein,NTH,189,The Full Bonty,10857,Anthony
996701,490,2,true,MID,127,115,Clayton,Oliver,MEL,189,The Full Bonty,10857,Anthony
281065,337,2,true,MID,114,104,Mitch,Duncan,GEE,189,The Full Bonty,10857,Anthony
295898,794,2,true,MID,105,121,Tim,Kelly,WCE,189,The Full Bonty,10857,Anthony
298524,322,2,true,DEF,100,84,Lachie,Weller,GCS,189,The Full Bonty,10857,Anthony
998102,207,2,true,MID,98,75,Andrew,McGrath,ESS,189,The Full Bonty,10857,Anthony
280965,173,2,true,MID,95,91,Steele,Sidebottom,COL,189,The Full Bonty,10857,Anthony
297373,729,2,true,MID,94,95,Marcus,Bontempelli,WBD,189,The Full Bonty,10857,Anthony
991930,559,2,true,DEF,94,89,Darcy,Byrne-Jones,PTA,189,The Full Bonty,10857,Anthony
291526,334,2,true,FWD,87,79,Luke,Dahlhaus,GEE,189,The Full Bonty,10857,Anthony
250267,677,2,true,FWD,84,91,Paddy,Ryder,STK,189,The Full Bonty,10857,Anthony
294685,415,2,true,DEF,82,117,Zac,Williams,GWS,189,The Full Bonty,10857,Anthony
992049,633,2,true,DEF,78,76,Jayden,Short,RIC,189,The Full Bonty,10857,Anthony
230202,131,2,true,DEF,70,75,Kade,Simpson,CAR,189,The Full Bonty,10857,Anthony
294307,5,2,true,MID,66,105,Brad,Crouch,ADE,189,The Full Bonty,10857,Anthony
996464,304,2,true,FWD,65,68,Darcy,MacPherson,GCS,189,The Full Bonty,10857,Anthony
993979,586,2,true,FWD,65,73,Sam,Powell-Pepper,PTA,189,The Full Bonty,10857,Anthony
1000223,597,2,true,FWD,65,80,Liam,Baker,RIC,189,The Full Bonty,10857,Anthony
992128,556,2,false,DEF,0,0,Ryan,Burton,PTA,189,The Full Bonty,10857,Anthony
1006094,133,2,false,MID,0,0,Sam,Walsh,CAR,189,The Full Bonty,10857,Anthony
999824,353,2,false,MID,0,0,Quinton,Narkle,GEE,189,The Full Bonty,10857,Anthony
270912,365,2,false,FWD,0,0,Jack,Steven,GEE,189,The Full Bonty,10857,Anthony
290307,715,2,true,DEF,149,86,Dane,Rampe,SYD,9856,It's always Sonny,8258,Simon
281007,270,2,true,FWD,148,105,Michael,Walters,FRE,9856,It's always Sonny,8258,Simon
291776,136,2,true,MID,131,104,Taylor,Adams,COL,9856,It's always Sonny,8258,Simon
220001,325,2,true,FWD,130,107,Gary,Ablett,GEE,9856,It's always Sonny,8258,Simon
270917,335,2,true,MID,101,114,Patrick,Dangerfield,GEE,9856,It's always Sonny,8258,Simon
270919,587,2,true,MID,99,102,Tom,Rockliff,PTA,9856,It's always Sonny,8258,Simon
297566,455,2,true,DEF,96,82,James,Sicily,HAW,9856,It's always Sonny,8258,Simon
296359,495,2,true,DEF,94,91,Christian,Salem,MEL,9856,It's always Sonny,8258,Simon
295467,755,2,true,MID,93,113,Jack,Macrae,WBD,9856,It's always Sonny,8258,Simon
298264,481,2,true,MID,90,86,Ed,Langdon,MEL,9856,It's always Sonny,8258,Simon
280944,548,2,true,FWD,89,83,Jack,Ziebell,NTH,9856,It's always Sonny,8258,Simon
271045,797,2,true,RUC,85,94,Nic,Naitanui,WCE,9856,It's always Sonny,8258,Simon
280744,416,2,true,FWD,68,78,Luke,Breust,HAW,9856,It's always Sonny,8258,Simon
297899,471,2,true,MID,61,96,James,Harmes,MEL,9856,It's always Sonny,8258,Simon
270938,22,2,true,FWD,60,97,Tom,Lynch,ADE,9856,It's always Sonny,8258,Simon
994295,574,2,true,DEF,60,90,Dan,Houston,PTA,9856,It's always Sonny,8258,Simon
291594,817,2,true,MID,59,23,Harley,Bennell,MEL,9856,It's always Sonny,8258,Simon
293651,734,2,true,DEF,46,89,Hayden,Crozier,WBD,9856,It's always Sonny,8258,Simon
1002583,635,2,false,DEF,0,0,Sydney,Stack,RIC,9856,It's always Sonny,8258,Simon
294429,653,2,false,MID,0,0,Luke,Dunstan,STK,9856,It's always Sonny,8258,Simon
992468,668,2,false,RUC,0,0,Rowan,Marshall,STK,9856,It's always Sonny,8258,Simon
1005729,539,2,false,FWD,0,0,Tarryn,Thomas,NTH,9856,It's always Sonny,8258,Simon
291570,244,2,true,MID,143,110,Nat,Fyfe,FRE,9867,Bad Boys For Fyfe,71052,James
291969,378,2,true,MID,111,107,Stephen,Coniglio,GWS,9867,Bad Boys For Fyfe,71052,James
292128,816,2,true,MID,110,98,Elliot,Yeo,WCE,9867,Bad Boys For Fyfe,71052,James
290778,714,2,true,MID,109,113,Luke,Parker,SYD,9867,Bad Boys For Fyfe,71052,James
291771,220,2,true,FWD,105,80,Devon,Smith,ESS,9867,Bad Boys For Fyfe,71052,James
994539,121,2,true,DEF,103,90,Sam,Petrevski-Seton,CAR,9867,Bad Boys For Fyfe,71052,James
295461,218,2,true,DEF,100,90,Adam,Saad,ESS,9867,Bad Boys For Fyfe,71052,James
1003130,752,2,true,FWD,97,96,Patrick,Lipinski,WBD,9867,Bad Boys For Fyfe,71052,James
291783,219,2,true,MID,96,95,Dylan,Shiel,ESS,9867,Bad Boys For Fyfe,71052,James
281091,293,2,true,FWD,95,101,Hugh,Greenwood,GCS,9867,Bad Boys For Fyfe,71052,James
295136,736,2,true,DEF,83,97,Caleb,Daniel,WBD,9867,Bad Boys For Fyfe,71052,James
1000978,72,2,true,MID,66,97,Hugh,McCluggage,BRL,9867,Bad Boys For Fyfe,71052,James
294859,796,2,true,DEF,63,84,Jeremy,McGovern,WCE,9867,Bad Boys For Fyfe,71052,James
998205,403,2,true,MID,63,86,Harry,Perryman,GWS,9867,Bad Boys For Fyfe,71052,James
298111,384,2,true,FWD,60,69,Jeremy,Finlayson,GWS,9867,Bad Boys For Fyfe,71052,James
292511,370,2,true,DEF,56,68,Zach,Tuohy,GEE,9867,Bad Boys For Fyfe,71052,James
291849,161,2,true,FWD,40,81,Brody,Mihocek,COL,9867,Bad Boys For Fyfe,71052,James
280763,69,2,true,RUC,38,89,Stefan,Martin,BRL,9867,Bad Boys For Fyfe,71052,James
290797,749,2,false,DEF,0,0,Alex,Keath,WBD,9867,Bad Boys For Fyfe,71052,James
290832,319,2,false,MID,0,0,David,Swallow,GCS,9867,Bad Boys For Fyfe,71052,James
999309,388,2,false,MID,0,0,Jackson,Hately,GWS,9867,Bad Boys For Fyfe,71052,James
294596,671,2,false,FWD,0,0,Tim,Membrey,STK,9867,Bad Boys For Fyfe,71052,James
293535,76,3,true,MID,166,140,Lachie,Neale,BRL,5524,The Dragon's Laird,45168,Luke
250365,553,3,true,MID,159,112,Travis,Boak,PTA,5524,The Dragon's Laird,45168,Luke
294613,446,3,true,MID,142,103,Jaeger,O'Meara,HAW,5524,The Dragon's Laird,45168,Luke
291962,459,3,true,FWD,122,95,Chad,Wingard,HAW,5524,The Dragon's Laird,45168,Luke
261911,565,3,true,FWD,116,93,Brad,Ebert,PTA,5524,The Dragon's Laird,45168,Luke
293871,146,3,true,DEF,114,88,Jack,Crisp,COL,5524,The Dragon's Laird,45168,Luke
996765,713,3,true,FWD,109,84,Tom,Papley,SYD,5524,The Dragon's Laird,45168,Luke
293222,21,3,true,DEF,107,94,Rory,Laird,ADE,5524,The Dragon's Laird,45168,Luke
295342,703,3,true,DEF,101,110,Jake,Lloyd,SYD,5524,The Dragon's Laird,45168,Luke
1006130,761,3,true,FWD,101,98,Bailey,Smith,WBD,5524,The Dragon's Laird,45168,Luke
290627,628,3,true,MID,97,110,Dion,Prestia,RIC,5524,The Dragon's Laird,45168,Luke
297523,30,3,true,RUC,91,104,Reilly,O'Brien,ADE,5524,The Dragon's Laird,45168,Luke
270146,97,3,true,MID,74,97,Ed,Curnow,CAR,5524,The Dragon's Laird,45168,Luke
290738,534,3,true,MID,72,107,Jared,Polec,NTH,5524,The Dragon's Laird,45168,Luke
293846,676,3,true,MID,58,90,Sebastian,Ross,STK,5524,The Dragon's Laird,45168,Luke
1001299,588,3,true,FWD,30,91,Connor,Rozee,PTA,5524,The Dragon's Laird,45168,Luke
270935,200,3,true,DEF,0,0,Michael,Hurley,ESS,5524,The Dragon's Laird,45168,Luke
1001026,217,3,true,DEF,0,0,Jordan,Ridley,ESS,5524,The Dragon's Laird,45168,Luke
270963,36,3,false,MID,0,0,Rory,Sloane,ADE,5524,The Dragon's Laird,45168,Luke
998172,411,3,false,MID,0,0,Tim,Taranto,GWS,5524,The Dragon's Laird,45168,Luke
294557,746,3,false,MID,0,0,Lachie,Hunter,WBD,5524,The Dragon's Laird,45168,Luke
291351,426,3,false,FWD,0,0,Jack,Gunston,HAW,5524,The Dragon's Laird,45168,Luke
290746,578,3,true,RUC,156,114,Scott,Lycett,PTA,9806,HoweIMetYourMother,86078,Lester
993998,536,3,true,FWD,140,67,Jy,Simpkin,NTH,9806,HoweIMetYourMother,86078,Lester
298272,307,3,true,MID,126,80,Touk,Miller,GCS,9806,HoweIMetYourMother,86078,Lester
260382,700,3,true,MID,126,96,Josh P.,Kennedy,SYD,9806,HoweIMetYourMother,86078,Lester
990704,94,3,true,MID,123,118,Patrick,Cripps,CAR,9806,HoweIMetYourMother,86078,Lester
260750,591,3,true,FWD,114,86,Justin,Westhoff,PTA,9806,HoweIMetYourMother,86078,Lester
293716,67,3,true,MID,114,99,Jarryd,Lyons,BRL,9806,HoweIMetYourMother,86078,Lester
291748,37,3,true,DEF,94,75,Brodie,Smith,ADE,9806,HoweIMetYourMother,86078,Lester
993816,268,3,true,FWD,90,72,Darcy,Tucker,FRE,9806,HoweIMetYourMother,86078,Lester
240283,789,3,true,DEF,89,112,Shannon,Hurn,WCE,9806,HoweIMetYourMother,86078,Lester
291313,153,3,true,DEF,88,100,Jeremy,Howe,COL,9806,HoweIMetYourMother,86078,Lester
291800,366,3,true,DEF,84,127,Tom,Stewart,GEE,9806,HoweIMetYourMother,86078,Lester
1002232,232,3,true,MID,82,77,Andrew,Brayshaw,FRE,9806,HoweIMetYourMother,86078,Lester
993905,709,3,true,DEF,74,90,Callum,Mills,SYD,9806,HoweIMetYourMother,86078,Lester
296296,807,3,true,MID,56,112,Dom,Sheed,WCE,9806,HoweIMetYourMother,86078,Lester
293845,377,3,true,FWD,49,83,Jeremy,Cameron,GWS,9806,HoweIMetYourMother,86078,Lester
290117,656,3,true,MID,41,100,Dan,Hannebery,STK,9806,HoweIMetYourMother,86078,Lester
280990,583,3,true,FWD,33,79,Steven,Motlop,PTA,9806,HoweIMetYourMother,86078,Lester
291790,178,3,false,MID,0,0,Adam,Treloar,COL,9806,HoweIMetYourMother,86078,Lester
298279,464,3,false,MID,0,0,Angus,Brayshaw,MEL,9806,HoweIMetYourMother,86078,Lester
294036,699,3,false,MID,0,0,George,Hewett,SYD,9806,HoweIMetYourMother,86078,Lester
290847,620,3,false,FWD,0,0,Dustin,Martin,RIC,9806,HoweIMetYourMother,86078,Lester
993834,738,3,true,MID,128,112,Josh,Dunkley,WBD,182,Coronaviney,300791,Paul
992010,159,3,true,DEF,125,89,Brayden,Maynard,COL,182,Coronaviney,300791,Paul
298539,698,3,true,FWD,123,112,Isaac,Heeney,SYD,182,Coronaviney,300791,Paul
291327,418,3,true,FWD,120,85,Jonathon,Ceglar,HAW,182,Coronaviney,300791,Paul
290801,787,3,true,MID,117,113,Andrew,Gaff,WCE,182,Coronaviney,300791,Paul
250312,616,3,true,DEF,110,98,Bachar,Houli,RIC,182,Coronaviney,300791,Paul
294318,593,3,true,MID,107,108,Ollie,Wines,PTA,182,Coronaviney,300791,Paul
294101,747,3,true,DEF,103,75,Jason,Johannisen,WBD,182,Coronaviney,300791,Paul
270811,395,3,true,RUC,95,83,Sam,Jacobs,GWS,182,Coronaviney,300791,Paul
996059,47,3,true,DEF,94,99,Harris,Andrews,BRL,182,Coronaviney,300791,Paul
280109,413,3,true,MID,92,19,Callan,Ward,GWS,182,Coronaviney,300791,Paul
270896,606,3,true,MID,85,90,Trent,Cotchin,RIC,182,Coronaviney,300791,Paul
298421,655,3,true,FWD,81,78,Jade,Gresham,STK,182,Coronaviney,300791,Paul
297354,550,3,true,MID,77,83,Karl,Amon,PTA,182,Coronaviney,300791,Paul
295067,228,3,true,DEF,74,62,James,Aish,FRE,182,Coronaviney,300791,Paul
1006096,564,3,true,MID,51,86,Xavier,Duursma,PTA,182,Coronaviney,300791,Paul
294305,414,3,true,FWD,8,110,Lachie,Whitfield,GWS,182,Coronaviney,300791,Paul
992242,690,3,false,DEF,0,0,Jordan,Dawson,SYD,182,Coronaviney,300791,Paul
992016,211,3,false,MID,0,0,Zach,Merrett,ESS,182,Coronaviney,300791,Paul
291902,501,3,false,MID,0,0,Jack,Viney,MEL,182,Coronaviney,300791,Paul
280921,513,3,false,MID,0,0,Ben,Cunnington,NTH,182,Coronaviney,300791,Paul
280317,363,3,false,RUC,0,0,Rhys,Stanley,GEE,182,Coronaviney,300791,Paul
296190,112,3,true,FWD,127,77,Jack,Martin,CAR,33301,"What's Up, Doch?",180650,Jordan
295518,99,3,true,DEF,122,102,Sam,Docherty,CAR,33301,"What's Up, Doch?",180650,Jordan
295265,389,3,true,DEF,110,97,Nick,Haynes,GWS,33301,"What's Up, Doch?",180650,Jordan
294674,637,3,true,DEF,105,91,Nick,Vlastuin,RIC,33301,"What's Up, Doch?",180650,Jordan
291856,440,3,true,MID,96,114,Tom,Mitchell,HAW,33301,"What's Up, Doch?",180650,Jordan
998103,691,3,true,MID,95,84,Oliver,Florent,SYD,33301,"What's Up, Doch?",180650,Jordan
993903,392,3,true,MID,83,91,Jacob,Hopper,GWS,33301,"What's Up, Doch?",180650,Jordan
290311,82,3,true,MID,76,88,Mitch,Robinson,BRL,33301,"What's Up, Doch?",180650,Jordan
261396,570,3,true,FWD,71,84,Robbie,Gray,PTA,33301,"What's Up, Doch?",180650,Jordan
296351,643,3,true,MID,70,109,Jack,Billings,STK,33301,"What's Up, Doch?",180650,Jordan
290623,601,3,true,FWD,70,99,Josh,Caddy,RIC,33301,"What's Up, Doch?",180650,Jordan
291545,767,3,true,FWD,68,63,Mitch,Wallis,WBD,33301,"What's Up, Doch?",180650,Jordan
991988,660,3,true,MID,66,106,Zak,Jones,STK,33301,"What's Up, Doch?",180650,Jordan
296733,328,3,true,DEF,63,73,Mark,Blicavs,GEE,33301,"What's Up, Doch?",180650,Jordan
260930,609,3,true,DEF,55,92,Shane,Edwards,RIC,33301,"What's Up, Doch?",180650,Jordan
270732,763,3,false,DEF,0,0,Matthew,Suckling,WBD,33301,"What's Up, Doch?",180650,Jordan
261224,90,3,true,MID,0,0,Dayne,Zorko,BRL,33301,"What's Up, Doch?",180650,Jordan
290629,197,3,false,MID,0,0,Dyson,Heppell,ESS,33301,"What's Up, Doch?",180650,Jordan
294877,456,3,false,MID,0,0,Isaac,Smith,HAW,33301,"What's Up, Doch?",180650,Jordan
290528,469,3,true,RUC,0,0,Max,Gawn,MEL,33301,"What's Up, Doch?",180650,Jordan
295344,387,3,false,FWD,0,0,Toby,Greene,GWS,33301,"What's Up, Doch?",180650,Jordan
298210,491,3,true,FWD,0,0,Christian,Petracca,MEL,33301,"What's Up, Doch?",180650,Jordan
1005521,74,3,true,FWD,132,71,Oscar,McInerney,BRL,186,GetRichOrDieTryin,21562,Mark
293957,151,3,true,RUC,103,141,Brodie,Grundy,COL,186,GetRichOrDieTryin,21562,Mark
271072,80,3,true,DEF,102,99,Daniel,Rich,BRL,186,GetRichOrDieTryin,21562,Mark
297401,6,3,true,MID,102,96,Matt,Crouch,ADE,186,GetRichOrDieTryin,21562,Mark
281080,808,3,true,DEF,99,80,Brad,Sheppard,WCE,186,GetRichOrDieTryin,21562,Mark
261510,343,3,true,FWD,97,67,Tom,Hawkins,GEE,186,GetRichOrDieTryin,21562,Mark
250321,361,3,true,MID,93,78,Joel,Selwood,GEE,186,GetRichOrDieTryin,21562,Mark
260257,165,3,true,MID,86,100,Scott,Pendlebury,COL,186,GetRichOrDieTryin,21562,Mark
994185,148,3,true,FWD,85,85,Jordan,De Goey,COL,186,GetRichOrDieTryin,21562,Mark
280078,809,3,true,MID,83,111,Luke,Shuey,WCE,186,GetRichOrDieTryin,21562,Mark
250105,115,3,true,MID,78,107,Marc,Murphy,CAR,186,GetRichOrDieTryin,21562,Mark
994295,574,3,true,DEF,73,85,Dan,Houston,PTA,186,GetRichOrDieTryin,21562,Mark
296205,680,3,true,MID,73,110,Jack,Steele,STK,186,GetRichOrDieTryin,21562,Mark
1002222,460,3,true,MID,72,95,James,Worpel,HAW,186,GetRichOrDieTryin,21562,Mark
1002264,649,3,true,DEF,70,94,Hunter,Clark,STK,186,GetRichOrDieTryin,21562,Mark
998659,261,3,true,DEF,67,101,Luke,Ryan,FRE,186,GetRichOrDieTryin,21562,Mark
293813,618,3,true,FWD,61,72,Tom J.,Lynch,RIC,186,GetRichOrDieTryin,21562,Mark
290032,617,3,true,FWD,59,84,Kane,Lambert,RIC,186,GetRichOrDieTryin,21562,Mark
298450,231,3,false,DEF,0,0,Connor,Blakely,FRE,186,GetRichOrDieTryin,21562,Mark
296347,397,3,false,MID,0,0,Josh,Kelly,GWS,186,GetRichOrDieTryin,21562,Mark
298419,356,3,false,FWD,0,0,Brandan,Parfitt,GEE,186,GetRichOrDieTryin,21562,Mark
290838,783,3,false,FWD,0,0,Jack,Darling,WCE,186,GetRichOrDieTryin,21562,Mark
271129,519,3,true,RUC,151,140,Todd,Goldstein,NTH,189,The Full Bonty,10857,Anthony
280965,173,3,true,MID,150,108,Steele,Sidebottom,COL,189,The Full Bonty,10857,Anthony
992049,633,3,true,DEF,126,66,Jayden,Short,RIC,189,The Full Bonty,10857,Anthony
281065,337,3,true,MID,123,106,Mitch,Duncan,GEE,189,The Full Bonty,10857,Anthony
996464,304,3,true,FWD,111,73,Darcy,MacPherson,GCS,189,The Full Bonty,10857,Anthony
298524,322,3,true,DEF,108,81,Lachie,Weller,GCS,189,The Full Bonty,10857,Anthony
294307,5,3,true,MID,101,97,Brad,Crouch,ADE,189,The Full Bonty,10857,Anthony
297373,729,3,true,MID,97,104,Marcus,Bontempelli,WBD,189,The Full Bonty,10857,Anthony
991930,559,3,true,DEF,77,92,Darcy,Byrne-Jones,PTA,189,The Full Bonty,10857,Anthony
240052,256,3,true,MID,68,81,David,Mundy,FRE,189,The Full Bonty,10857,Anthony
250267,677,3,true,FWD,62,82,Paddy,Ryder,STK,189,The Full Bonty,10857,Anthony
295898,794,3,true,MID,61,98,Tim,Kelly,WCE,189,The Full Bonty,10857,Anthony
230202,131,3,true,DEF,58,82,Kade,Simpson,CAR,189,The Full Bonty,10857,Anthony
294685,415,3,true,DEF,55,105,Zac,Williams,GWS,189,The Full Bonty,10857,Anthony
993979,586,3,true,FWD,36,83,Sam,Powell-Pepper,PTA,189,The Full Bonty,10857,Anthony
270912,365,3,true,FWD,20,65,Jack,Steven,GEE,189,The Full Bonty,10857,Anthony
291526,334,3,true,FWD,7,99,Luke,Dahlhaus,GEE,189,The Full Bonty,10857,Anthony
1006094,133,3,false,MID,0,0,Sam,Walsh,CAR,189,The Full Bonty,10857,Anthony
998102,207,3,false,MID,0,0,Andrew,McGrath,ESS,189,The Full Bonty,10857,Anthony
999824,353,3,false,MID,0,0,Quinton,Narkle,GEE,189,The Full Bonty,10857,Anthony
996701,490,3,true,MID,0,0,Clayton,Oliver,MEL,189,The Full Bonty,10857,Anthony
1002240,175,3,false,FWD,0,0,Jaidyn,Stephenson,COL,189,The Full Bonty,10857,Anthony
271045,797,3,true,RUC,137,93,Nic,Naitanui,WCE,9856,It's always Sonny,8258,Simon
295467,755,3,true,MID,133,100,Jack,Macrae,WBD,9856,It's always Sonny,8258,Simon
297566,455,3,true,DEF,128,104,James,Sicily,HAW,9856,It's always Sonny,8258,Simon
281007,270,3,true,FWD,109,108,Michael,Walters,FRE,9856,It's always Sonny,8258,Simon
293651,734,3,true,DEF,107,67,Hayden,Crozier,WBD,9856,It's always Sonny,8258,Simon
291776,136,3,true,MID,106,100,Taylor,Adams,COL,9856,It's always Sonny,8258,Simon
280944,548,3,true,FWD,99,87,Jack,Ziebell,NTH,9856,It's always Sonny,8258,Simon
998260,277,3,true,MID,94,84,Jack,Bowes,GCS,9856,It's always Sonny,8258,Simon
296035,516,3,true,MID,87,68,Trent,Dumont,NTH,9856,It's always Sonny,8258,Simon
280744,416,3,true,FWD,80,87,Luke,Breust,HAW,9856,It's always Sonny,8258,Simon
270917,335,3,true,MID,75,119,Patrick,Dangerfield,GEE,9856,It's always Sonny,8258,Simon
220001,325,3,true,FWD,64,117,Gary,Ablett,GEE,9856,It's always Sonny,8258,Simon
260227,522,3,true,MID,61,100,Shaun,Higgins,NTH,9856,It's always Sonny,8258,Simon
270919,587,3,true,MID,61,92,Tom,Rockliff,PTA,9856,It's always Sonny,8258,Simon
210012,417,3,true,DEF,57,88,Shaun,Burgoyne,HAW,9856,It's always Sonny,8258,Simon
270938,22,3,true,FWD,35,86,Tom,Lynch,ADE,9856,It's always Sonny,8258,Simon
290307,715,3,true,DEF,32,119,Dane,Rampe,SYD,9856,It's always Sonny,8258,Simon
294504,560,3,true,DEF,32,67,Tom,Clurey,PTA,9856,It's always Sonny,8258,Simon
296359,495,3,false,DEF,0,0,Christian,Salem,MEL,9856,It's always Sonny,8258,Simon
298264,481,3,false,MID,0,0,Ed,Langdon,MEL,9856,It's always Sonny,8258,Simon
992468,668,3,false,RUC,0,0,Rowan,Marshall,STK,9856,It's always Sonny,8258,Simon
1005729,539,3,false,FWD,0,0,Tarryn,Thomas,NTH,9856,It's always Sonny,8258,Simon
291570,244,3,true,MID,166,118,Nat,Fyfe,FRE,9867,Bad Boys For Fyfe,71052,James
1009208,314,3,true,MID,141,126,Matthew,Rowell,GCS,9867,Bad Boys For Fyfe,71052,James
295136,736,3,true,DEF,134,93,Caleb,Daniel,WBD,9867,Bad Boys For Fyfe,71052,James
281091,293,3,true,FWD,116,93,Hugh,Greenwood,GCS,9867,Bad Boys For Fyfe,71052,James
290778,714,3,true,MID,113,117,Luke,Parker,SYD,9867,Bad Boys For Fyfe,71052,James
290797,749,3,true,DEF,106,69,Alex,Keath,WBD,9867,Bad Boys For Fyfe,71052,James
291969,378,3,true,MID,87,106,Stephen,Coniglio,GWS,9867,Bad Boys For Fyfe,71052,James
292128,816,3,true,MID,71,88,Elliot,Yeo,WCE,9867,Bad Boys For Fyfe,71052,James
292511,370,3,true,DEF,70,74,Zach,Tuohy,GEE,9867,Bad Boys For Fyfe,71052,James
290832,319,3,true,MID,58,72,David,Swallow,GCS,9867,Bad Boys For Fyfe,71052,James
990609,54,3,true,FWD,46,95,Charlie,Cameron,BRL,9867,Bad Boys For Fyfe,71052,James
994539,121,3,true,DEF,45,82,Sam,Petrevski-Seton,CAR,9867,Bad Boys For Fyfe,71052,James
298111,384,3,true,FWD,39,79,Jeremy,Finlayson,GWS,9867,Bad Boys For Fyfe,71052,James
993993,599,3,true,FWD,39,77,Shai,Bolton,RIC,9867,Bad Boys For Fyfe,71052,James
998529,634,3,true,RUC,32,97,Ivan,Soldo,RIC,9867,Bad Boys For Fyfe,71052,James
295461,218,3,true,DEF,0,0,Adam,Saad,ESS,9867,Bad Boys For Fyfe,71052,James
294859,796,3,false,DEF,0,0,Jeremy,McGovern,WCE,9867,Bad Boys For Fyfe,71052,James
1000978,72,3,false,MID,0,0,Hugh,McCluggage,BRL,9867,Bad Boys For Fyfe,71052,James
291783,219,3,true,MID,0,0,Dylan,Shiel,ESS,9867,Bad Boys For Fyfe,71052,James
280763,69,3,false,RUC,0,0,Stefan,Martin,BRL,9867,Bad Boys For Fyfe,71052,James
291771,220,3,true,FWD,0,0,Devon,Smith,ESS,9867,Bad Boys For Fyfe,71052,James
1003130,752,3,false,FWD,0,0,Patrick,Lipinski,WBD,9867,Bad Boys For Fyfe,71052,James
293535,76,4,true,MID,147,156,Lachie,Neale,BRL,5524,The Dragon's Laird,45168,Luke
291962,459,4,true,FWD,136,97,Chad,Wingard,HAW,5524,The Dragon's Laird,45168,Luke
1001026,217,4,true,DEF,134,77,Jordan,Ridley,ESS,5524,The Dragon's Laird,45168,Luke
293871,146,4,true,DEF,115,81,Jack,Crisp,COL,5524,The Dragon's Laird,45168,Luke
261911,565,4,true,FWD,107,109,Brad,Ebert,PTA,5524,The Dragon's Laird,45168,Luke
295342,703,4,true,DEF,102,110,Jake,Lloyd,SYD,5524,The Dragon's Laird,45168,Luke
996765,713,4,true,FWD,101,98,Tom,Papley,SYD,5524,The Dragon's Laird,45168,Luke
290738,534,4,true,MID,94,87,Jared,Polec,NTH,5524,The Dragon's Laird,45168,Luke
1006130,761,4,true,FWD,93,82,Bailey,Smith,WBD,5524,The Dragon's Laird,45168,Luke
250365,553,4,true,MID,90,119,Travis,Boak,PTA,5524,The Dragon's Laird,45168,Luke
297523,30,4,true,RUC,88,108,Reilly,O'Brien,ADE,5524,The Dragon's Laird,45168,Luke
290627,628,4,true,MID,86,98,Dion,Prestia,RIC,5524,The Dragon's Laird,45168,Luke
293222,21,4,true,DEF,86,93,Rory,Laird,ADE,5524,The Dragon's Laird,45168,Luke
270963,36,4,true,MID,84,103,Rory,Sloane,ADE,5524,The Dragon's Laird,45168,Luke
993832,134,4,true,DEF,70,91,Jacob,Weitering,CAR,5524,The Dragon's Laird,45168,Luke
293846,676,4,true,MID,60,101,Sebastian,Ross,STK,5524,The Dragon's Laird,45168,Luke
294613,446,4,true,MID,54,92,Jaeger,O'Meara,HAW,5524,The Dragon's Laird,45168,Luke
1001299,588,4,true,FWD,53,87,Connor,Rozee,PTA,5524,The Dragon's Laird,45168,Luke
270935,200,4,false,DEF,0,0,Michael,Hurley,ESS,5524,The Dragon's Laird,45168,Luke
998172,411,4,false,MID,0,0,Tim,Taranto,GWS,5524,The Dragon's Laird,45168,Luke
294557,746,4,false,MID,0,0,Lachie,Hunter,WBD,5524,The Dragon's Laird,45168,Luke
291351,426,4,false,FWD,0,0,Jack,Gunston,HAW,5524,The Dragon's Laird,45168,Luke
993998,536,4,true,FWD,119,83,Jy,Simpkin,NTH,9806,HoweIMetYourMother,86078,Lester
293716,67,4,true,MID,116,102,Jarryd,Lyons,BRL,9806,HoweIMetYourMother,86078,Lester
298279,464,4,true,MID,114,88,Angus,Brayshaw,MEL,9806,HoweIMetYourMother,86078,Lester
993905,709,4,true,DEF,112,82,Callum,Mills,SYD,9806,HoweIMetYourMother,86078,Lester
291313,153,4,true,DEF,112,114,Jeremy,Howe,COL,9806,HoweIMetYourMother,86078,Lester
298272,307,4,true,MID,111,103,Touk,Miller,GCS,9806,HoweIMetYourMother,86078,Lester
291748,37,4,true,DEF,106,66,Brodie,Smith,ADE,9806,HoweIMetYourMother,86078,Lester
260750,591,4,true,FWD,99,88,Justin,Westhoff,PTA,9806,HoweIMetYourMother,86078,Lester
290746,578,4,true,RUC,96,101,Scott,Lycett,PTA,9806,HoweIMetYourMother,86078,Lester
260382,700,4,true,MID,93,111,Josh P.,Kennedy,SYD,9806,HoweIMetYourMother,86078,Lester
296296,807,4,true,MID,87,78,Dom,Sheed,WCE,9806,HoweIMetYourMother,86078,Lester
993816,268,4,true,FWD,86,75,Darcy,Tucker,FRE,9806,HoweIMetYourMother,86078,Lester
240283,789,4,true,DEF,86,101,Shannon,Hurn,WCE,9806,HoweIMetYourMother,86078,Lester
290847,620,4,true,FWD,81,102,Dustin,Martin,RIC,9806,HoweIMetYourMother,86078,Lester
990704,94,4,true,MID,81,111,Patrick,Cripps,CAR,9806,HoweIMetYourMother,86078,Lester
290117,656,4,true,MID,73,79,Dan,Hannebery,STK,9806,HoweIMetYourMother,86078,Lester
298630,203,4,true,FWD,58,87,Kyle,Langford,ESS,9806,HoweIMetYourMother,86078,Lester
291800,366,4,true,DEF,18,99,Tom,Stewart,GEE,9806,HoweIMetYourMother,86078,Lester
291790,178,4,false,MID,0,0,Adam,Treloar,COL,9806,HoweIMetYourMother,86078,Lester
1002232,232,4,false,MID,0,0,Andrew,Brayshaw,FRE,9806,HoweIMetYourMother,86078,Lester
993817,214,4,false,FWD,0,0,Darcy,Parish,ESS,9806,HoweIMetYourMother,86078,Lester
298211,340,4,false,FWD,0,0,Darcy,Fort,GEE,9806,HoweIMetYourMother,86078,Lester
295518,99,4,true,DEF,185,99,Sam,Docherty,CAR,33301,"What's Up, Doch?",180650,Jordan
291856,440,4,true,MID,143,91,Tom,Mitchell,HAW,33301,"What's Up, Doch?",180650,Jordan
290528,469,4,true,RUC,141,153,Max,Gawn,MEL,33301,"What's Up, Doch?",180650,Jordan
290311,82,4,true,MID,139,73,Mitch,Robinson,BRL,33301,"What's Up, Doch?",180650,Jordan
992374,645,4,true,FWD,118,81,Dan,Butler,STK,33301,"What's Up, Doch?",180650,Jordan
296351,643,4,true,MID,113,90,Jack,Billings,STK,33301,"What's Up, Doch?",180650,Jordan
296733,328,4,true,DEF,107,72,Mark,Blicavs,GEE,33301,"What's Up, Doch?",180650,Jordan
295265,389,4,true,DEF,101,86,Nick,Haynes,GWS,33301,"What's Up, Doch?",180650,Jordan
295344,387,4,true,FWD,96,96,Toby,Greene,GWS,33301,"What's Up, Doch?",180650,Jordan
298210,491,4,true,FWD,89,103,Christian,Petracca,MEL,33301,"What's Up, Doch?",180650,Jordan
998130,274,4,true,FWD,69,68,Ben,Ainsworth,GCS,33301,"What's Up, Doch?",180650,Jordan
993903,392,4,true,MID,68,88,Jacob,Hopper,GWS,33301,"What's Up, Doch?",180650,Jordan
998103,691,4,true,MID,59,90,Oliver,Florent,SYD,33301,"What's Up, Doch?",180650,Jordan
296190,112,4,true,FWD,56,93,Jack,Martin,CAR,33301,"What's Up, Doch?",180650,Jordan
294674,637,4,true,DEF,50,93,Nick,Vlastuin,RIC,33301,"What's Up, Doch?",180650,Jordan
1000932,8,4,true,DEF,48,52,Tom,Doedee,ADE,33301,"What's Up, Doch?",180650,Jordan
261224,90,4,true,MID,47,109,Dayne,Zorko,BRL,33301,"What's Up, Doch?",180650,Jordan
991988,660,4,true,MID,45,95,Zak,Jones,STK,33301,"What's Up, Doch?",180650,Jordan
260930,609,4,false,DEF,0,0,Shane,Edwards,RIC,33301,"What's Up, Doch?",180650,Jordan
290629,197,4,false,MID,0,0,Dyson,Heppell,ESS,33301,"What's Up, Doch?",180650,Jordan
294877,456,4,false,MID,0,0,Isaac,Smith,HAW,33301,"What's Up, Doch?",180650,Jordan
261396,570,4,false,FWD,0,0,Robbie,Gray,PTA,33301,"What's Up, Doch?",180650,Jordan
260257,165,4,true,MID,150,98,Scott,Pendlebury,COL,186,GetRichOrDieTryin,21562,Mark
293957,151,4,true,RUC,135,134,Brodie,Grundy,COL,186,GetRichOrDieTryin,21562,Mark
1002222,460,4,true,MID,133,103,James,Worpel,HAW,186,GetRichOrDieTryin,21562,Mark
296347,397,4,true,MID,120,117,Josh,Kelly,GWS,186,GetRichOrDieTryin,21562,Mark
296205,680,4,true,MID,114,94,Jack,Steele,STK,186,GetRichOrDieTryin,21562,Mark
280078,809,4,true,MID,114,88,Luke,Shuey,WCE,186,GetRichOrDieTryin,21562,Mark
298419,356,4,true,FWD,104,93,Brandan,Parfitt,GEE,186,GetRichOrDieTryin,21562,Mark
250321,361,4,true,MID,104,102,Joel,Selwood,GEE,186,GetRichOrDieTryin,21562,Mark
281080,808,4,true,DEF,102,92,Brad,Sheppard,WCE,186,GetRichOrDieTryin,21562,Mark
250105,115,4,true,MID,98,109,Marc,Murphy,CAR,186,GetRichOrDieTryin,21562,Mark
271072,80,4,true,DEF,96,93,Daniel,Rich,BRL,186,GetRichOrDieTryin,21562,Mark
261892,572,4,true,DEF,96,88,Hamish,Hartlett,PTA,186,GetRichOrDieTryin,21562,Mark
261510,343,4,true,FWD,94,76,Tom,Hawkins,GEE,186,GetRichOrDieTryin,21562,Mark
1002264,649,4,true,DEF,90,95,Hunter,Clark,STK,186,GetRichOrDieTryin,21562,Mark
293813,618,4,true,FWD,89,66,Tom J.,Lynch,RIC,186,GetRichOrDieTryin,21562,Mark
998659,261,4,true,DEF,79,82,Luke,Ryan,FRE,186,GetRichOrDieTryin,21562,Mark
994185,148,4,true,FWD,62,67,Jordan,De Goey,COL,186,GetRichOrDieTryin,21562,Mark
1005521,74,4,true,FWD,30,90,Oscar,McInerney,BRL,186,GetRichOrDieTryin,21562,Mark
994295,574,4,false,DEF,0,0,Dan,Houston,PTA,186,GetRichOrDieTryin,21562,Mark
297401,6,4,false,MID,0,0,Matt,Crouch,ADE,186,GetRichOrDieTryin,21562,Mark
290032,617,4,false,FWD,0,0,Kane,Lambert,RIC,186,GetRichOrDieTryin,21562,Mark
290838,783,4,false,FWD,0,0,Jack,Darling,WCE,186,GetRichOrDieTryin,21562,Mark
297373,729,4,true,MID,166,96,Marcus,Bontempelli,WBD,189,The Full Bonty,10857,Anthony
281065,337,4,true,MID,120,109,Mitch,Duncan,GEE,189,The Full Bonty,10857,Anthony
271129,519,4,true,RUC,116,128,Todd,Goldstein,NTH,189,The Full Bonty,10857,Anthony
996701,490,4,true,MID,111,113,Clayton,Oliver,MEL,189,The Full Bonty,10857,Anthony
294307,5,4,true,MID,102,95,Brad,Crouch,ADE,189,The Full Bonty,10857,Anthony
295898,794,4,true,MID,102,80,Tim,Kelly,WCE,189,The Full Bonty,10857,Anthony
291526,334,4,true,FWD,93,74,Luke,Dahlhaus,GEE,189,The Full Bonty,10857,Anthony
293845,377,4,true,FWD,92,76,Jeremy,Cameron,GWS,189,The Full Bonty,10857,Anthony
992049,633,4,true,DEF,82,94,Jayden,Short,RIC,189,The Full Bonty,10857,Anthony
998102,207,4,true,MID,79,95,Andrew,McGrath,ESS,189,The Full Bonty,10857,Anthony
294685,415,4,true,DEF,77,88,Zac,Williams,GWS,189,The Full Bonty,10857,Anthony
1006126,719,4,true,FWD,76,63,James,Rowbottom,SYD,189,The Full Bonty,10857,Anthony
280965,173,4,true,MID,67,111,Steele,Sidebottom,COL,189,The Full Bonty,10857,Anthony
298524,322,4,true,DEF,58,90,Lachie,Weller,GCS,189,The Full Bonty,10857,Anthony
991930,559,4,true,DEF,58,98,Darcy,Byrne-Jones,PTA,189,The Full Bonty,10857,Anthony
996483,756,4,true,FWD,54,67,Toby,McLean,WBD,189,The Full Bonty,10857,Anthony
993794,428,4,true,DEF,53,72,Blake,Hardwick,HAW,189,The Full Bonty,10857,Anthony
996464,304,4,true,FWD,52,72,Darcy,MacPherson,GCS,189,The Full Bonty,10857,Anthony
230202,131,4,false,DEF,0,0,Kade,Simpson,CAR,189,The Full Bonty,10857,Anthony
998133,51,4,false,MID,0,0,Jarrod,Berry,BRL,189,The Full Bonty,10857,Anthony
1006094,133,4,false,MID,0,0,Sam,Walsh,CAR,189,The Full Bonty,10857,Anthony
270912,365,4,false,FWD,0,0,Jack,Steven,GEE,189,The Full Bonty,10857,Anthony
291975,323,4,true,RUC,144,92,Jarrod,Witts,GCS,182,Coronaviney,300791,Paul
992010,159,4,true,DEF,118,92,Brayden,Maynard,COL,182,Coronaviney,300791,Paul
290801,787,4,true,MID,112,111,Andrew,Gaff,WCE,182,Coronaviney,300791,Paul
280109,413,4,true,MID,104,36,Callan,Ward,GWS,182,Coronaviney,300791,Paul
996059,47,4,true,DEF,96,96,Harris,Andrews,BRL,182,Coronaviney,300791,Paul
291902,501,4,true,MID,91,111,Jack,Viney,MEL,182,Coronaviney,300791,Paul
294101,747,4,true,DEF,87,65,Jason,Johannisen,WBD,182,Coronaviney,300791,Paul
291327,418,4,true,FWD,86,91,Jonathon,Ceglar,HAW,182,Coronaviney,300791,Paul
294305,414,4,true,FWD,85,91,Lachie,Whitfield,GWS,182,Coronaviney,300791,Paul
992016,211,4,true,MID,78,102,Zach,Merrett,ESS,182,Coronaviney,300791,Paul
290799,751,4,true,MID,78,81,Tom,Liberatore,WBD,182,Coronaviney,300791,Paul
294318,593,4,true,MID,72,97,Ollie,Wines,PTA,182,Coronaviney,300791,Paul
250312,616,4,true,DEF,68,95,Bachar,Houli,RIC,182,Coronaviney,300791,Paul
298539,698,4,true,FWD,64,115,Isaac,Heeney,SYD,182,Coronaviney,300791,Paul
290198,596,4,true,DEF,63,94,David,Astbury,RIC,182,Coronaviney,300791,Paul
992242,690,4,true,FWD,54,71,Jordan,Dawson,SYD,182,Coronaviney,300791,Paul
298421,655,4,true,FWD,43,81,Jade,Gresham,STK,182,Coronaviney,300791,Paul
281124,92,4,false,DEF,0,0,Levi,Casboult,CAR,182,Coronaviney,300791,Paul
280921,513,4,true,MID,0,0,Ben,Cunnington,NTH,182,Coronaviney,300791,Paul
270896,606,4,false,MID,0,0,Trent,Cotchin,RIC,182,Coronaviney,300791,Paul
993834,738,4,false,MID,0,0,Josh,Dunkley,WBD,182,Coronaviney,300791,Paul
296294,227,4,false,FWD,0,0,Blake,Acres,FRE,182,Coronaviney,300791,Paul
1000978,72,4,true,MID,141,88,Hugh,McCluggage,BRL,9867,Bad Boys For Fyfe,71052,James
295461,218,4,true,DEF,131,81,Adam,Saad,ESS,9867,Bad Boys For Fyfe,71052,James
290778,714,4,true,MID,120,114,Luke,Parker,SYD,9867,Bad Boys For Fyfe,71052,James
295136,736,4,true,DEF,114,114,Caleb,Daniel,WBD,9867,Bad Boys For Fyfe,71052,James
1009208,314,4,true,MID,114,131,Matthew,Rowell,GCS,9867,Bad Boys For Fyfe,71052,James
298290,124,4,true,RUC,94,97,Marc,Pittonet,CAR,9867,Bad Boys For Fyfe,71052,James
1003130,752,4,true,FWD,85,92,Patrick,Lipinski,WBD,9867,Bad Boys For Fyfe,71052,James
1004998,579,4,true,FWD,82,82,Todd,Marshall,PTA,9867,Bad Boys For Fyfe,71052,James
994539,121,4,true,DEF,82,101,Sam,Petrevski-Seton,CAR,9867,Bad Boys For Fyfe,71052,James
291783,219,4,true,MID,81,110,Dylan,Shiel,ESS,9867,Bad Boys For Fyfe,71052,James
298111,384,4,true,FWD,74,78,Jeremy,Finlayson,GWS,9867,Bad Boys For Fyfe,71052,James
291570,244,4,true,MID,71,133,Nat,Fyfe,FRE,9867,Bad Boys For Fyfe,71052,James
291771,220,4,true,FWD,70,84,Devon,Smith,ESS,9867,Bad Boys For Fyfe,71052,James
281091,293,4,true,FWD,61,97,Hugh,Greenwood,GCS,9867,Bad Boys For Fyfe,71052,James
292128,816,4,true,MID,59,88,Elliot,Yeo,WCE,9867,Bad Boys For Fyfe,71052,James
291969,378,4,true,MID,49,100,Stephen,Coniglio,GWS,9867,Bad Boys For Fyfe,71052,James
290797,749,4,true,DEF,40,73,Alex,Keath,WBD,9867,Bad Boys For Fyfe,71052,James
292511,370,4,false,DEF,0,0,Zach,Tuohy,GEE,9867,Bad Boys For Fyfe,71052,James
294859,796,4,true,DEF,0,0,Jeremy,McGovern,WCE,9867,Bad Boys For Fyfe,71052,James
999309,388,4,false,MID,0,0,Jackson,Hately,GWS,9867,Bad Boys For Fyfe,71052,James
280763,69,4,false,RUC,0,0,Stefan,Martin,BRL,9867,Bad Boys For Fyfe,71052,James
291867,509,4,false,FWD,0,0,Ben,Brown,NTH,9867,Bad Boys For Fyfe,71052,James
260227,522,4,true,MID,141,94,Shaun,Higgins,NTH,9856,It's always Sonny,8258,Simon
270917,335,4,true,MID,140,105,Patrick,Dangerfield,GEE,9856,It's always Sonny,8258,Simon
291776,136,4,true,MID,122,106,Taylor,Adams,COL,9856,It's always Sonny,8258,Simon
297566,455,4,true,DEF,114,96,James,Sicily,HAW,9856,It's always Sonny,8258,Simon
281007,270,4,true,FWD,113,98,Michael,Walters,FRE,9856,It's always Sonny,8258,Simon
998260,277,4,true,MID,107,99,Jack,Bowes,GCS,9856,It's always Sonny,8258,Simon
295467,755,4,true,MID,92,120,Jack,Macrae,WBD,9856,It's always Sonny,8258,Simon
298264,481,4,true,MID,79,101,Ed,Langdon,MEL,9856,It's always Sonny,8258,Simon
290307,715,4,true,DEF,74,85,Dane,Rampe,SYD,9856,It's always Sonny,8258,Simon
271045,797,4,true,RUC,74,101,Nic,Naitanui,WCE,9856,It's always Sonny,8258,Simon
220001,325,4,true,FWD,72,98,Gary,Ablett,GEE,9856,It's always Sonny,8258,Simon
1004938,352,4,true,FWD,68,82,Gryan,Miers,GEE,9856,It's always Sonny,8258,Simon
290527,581,4,true,DEF,67,94,Trent,McKenzie,PTA,9856,It's always Sonny,8258,Simon
998205,403,4,true,MID,66,94,Harry,Perryman,GWS,9856,It's always Sonny,8258,Simon
293651,734,4,true,DEF,64,73,Hayden,Crozier,WBD,9856,It's always Sonny,8258,Simon
280744,416,4,true,FWD,64,81,Luke,Breust,HAW,9856,It's always Sonny,8258,Simon
296359,495,4,true,DEF,51,72,Christian,Salem,MEL,9856,It's always Sonny,8258,Simon
280944,548,4,true,FWD,20,90,Jack,Ziebell,NTH,9856,It's always Sonny,8258,Simon
210012,417,4,false,DEF,0,0,Shaun,Burgoyne,HAW,9856,It's always Sonny,8258,Simon
296035,516,4,false,MID,0,0,Trent,Dumont,NTH,9856,It's always Sonny,8258,Simon
270919,587,4,false,MID,0,0,Tom,Rockliff,PTA,9856,It's always Sonny,8258,Simon
992468,668,4,false,RUC,0,0,Rowan,Marshall,STK,9856,It's always Sonny,8258,Simon
1002232,232,5,true,FWD,144,74,Andrew,Brayshaw,FRE,9806,HoweIMetYourMother,86078,Lester
1002239,235,5,true,DEF,134,91,Adam,Cerra,FRE,9806,HoweIMetYourMother,86078,Lester
293716,67,5,true,MID,124,98,Jarryd,Lyons,BRL,9806,HoweIMetYourMother,86078,Lester
993905,709,5,true,DEF,119,91,Callum,Mills,SYD,9806,HoweIMetYourMother,86078,Lester
291790,178,5,true,MID,119,127,Adam,Treloar,COL,9806,HoweIMetYourMother,86078,Lester
990704,94,5,true,MID,116,128,Patrick,Cripps,CAR,9806,HoweIMetYourMother,86078,Lester
993998,536,5,true,FWD,97,104,Jy,Simpkin,NTH,9806,HoweIMetYourMother,86078,Lester
290847,620,5,true,FWD,93,98,Dustin,Martin,RIC,9806,HoweIMetYourMother,86078,Lester
993816,268,5,true,FWD,85,83,Darcy,Tucker,FRE,9806,HoweIMetYourMother,86078,Lester
260382,700,5,true,MID,85,114,Josh P.,Kennedy,SYD,9806,HoweIMetYourMother,86078,Lester
298272,307,5,true,MID,81,99,Touk,Miller,GCS,9806,HoweIMetYourMother,86078,Lester
298279,464,5,true,MID,76,80,Angus,Brayshaw,MEL,9806,HoweIMetYourMother,86078,Lester
290550,341,5,true,MID,73,98,Cameron,Guthrie,GEE,9806,HoweIMetYourMother,86078,Lester
291748,37,5,true,DEF,72,79,Brodie,Smith,ADE,9806,HoweIMetYourMother,86078,Lester
1009256,273,5,true,DEF,68,64,Hayden,Young,FRE,9806,HoweIMetYourMother,86078,Lester
240283,789,5,true,DEF,68,98,Shannon,Hurn,WCE,9806,HoweIMetYourMother,86078,Lester
290746,578,5,true,RUC,62,76,Scott,Lycett,PTA,9806,HoweIMetYourMother,86078,Lester
260750,591,5,true,FWD,30,75,Justin,Westhoff,PTA,9806,HoweIMetYourMother,86078,Lester
291800,366,5,false,DEF,0,0,Tom,Stewart,GEE,9806,HoweIMetYourMother,86078,Lester
296296,807,5,false,MID,0,0,Dom,Sheed,WCE,9806,HoweIMetYourMother,86078,Lester
993817,214,5,false,FWD,0,0,Darcy,Parish,ESS,9806,HoweIMetYourMother,86078,Lester
298211,340,5,false,FWD,0,0,Darcy,Fort,GEE,9806,HoweIMetYourMother,86078,Lester
290528,469,5,true,RUC,163,162,Max,Gawn,MEL,33301,"What's Up, Doch?",180650,Jordan
296190,112,5,true,FWD,121,93,Jack,Martin,CAR,33301,"What's Up, Doch?",180650,Jordan
296351,643,5,true,MID,116,121,Jack,Billings,STK,33301,"What's Up, Doch?",180650,Jordan
295344,387,5,true,FWD,106,87,Toby,Greene,GWS,33301,"What's Up, Doch?",180650,Jordan
270917,335,5,true,MID,104,118,Patrick,Dangerfield,GEE,33301,"What's Up, Doch?",180650,Jordan
291856,440,5,true,MID,101,129,Tom,Mitchell,HAW,33301,"What's Up, Doch?",180650,Jordan
992374,645,5,true,FWD,95,119,Dan,Butler,STK,33301,"What's Up, Doch?",180650,Jordan
295467,755,5,true,MID,90,112,Jack,Macrae,WBD,33301,"What's Up, Doch?",180650,Jordan
295518,99,5,true,DEF,89,135,Sam,Docherty,CAR,33301,"What's Up, Doch?",180650,Jordan
998130,274,5,true,FWD,79,82,Ben,Ainsworth,GCS,33301,"What's Up, Doch?",180650,Jordan
293713,286,5,true,MID,78,87,Brandon,Ellis,GCS,33301,"What's Up, Doch?",180650,Jordan
270588,199,5,true,DEF,78,66,Cale,Hooker,ESS,33301,"What's Up, Doch?",180650,Jordan
290311,82,5,true,MID,77,122,Mitch,Robinson,BRL,33301,"What's Up, Doch?",180650,Jordan
260930,609,5,true,DEF,77,85,Shane,Edwards,RIC,33301,"What's Up, Doch?",180650,Jordan
261396,570,5,true,FWD,77,89,Robbie,Gray,PTA,33301,"What's Up, Doch?",180650,Jordan
993903,392,5,true,MID,64,82,Jacob,Hopper,GWS,33301,"What's Up, Doch?",180650,Jordan
290307,715,5,true,DEF,44,90,Dane,Rampe,SYD,33301,"What's Up, Doch?",180650,Jordan
290156,533,5,true,DEF,43,78,Jasper,Pittard,NTH,33301,"What's Up, Doch?",180650,Jordan
290629,197,5,false,MID,0,0,Dyson,Heppell,ESS,33301,"What's Up, Doch?",180650,Jordan
991988,660,5,false,MID,0,0,Zak,Jones,STK,33301,"What's Up, Doch?",180650,Jordan
998103,691,5,false,MID,0,0,Oliver,Florent,SYD,33301,"What's Up, Doch?",180650,Jordan
280038,209,5,false,FWD,0,0,Shaun,McKernan,ESS,33301,"What's Up, Doch?",180650,Jordan
290032,617,5,true,FWD,158,79,Kane,Lambert,RIC,186,GetRichOrDieTryin,21562,Mark
261510,343,5,true,FWD,152,99,Tom,Hawkins,GEE,186,GetRichOrDieTryin,21562,Mark
293957,151,5,true,RUC,151,134,Brodie,Grundy,COL,186,GetRichOrDieTryin,21562,Mark
296205,680,5,true,MID,136,126,Jack,Steele,STK,186,GetRichOrDieTryin,21562,Mark
296347,397,5,true,MID,122,117,Josh,Kelly,GWS,186,GetRichOrDieTryin,21562,Mark
281080,808,5,true,DEF,116,89,Brad,Sheppard,WCE,186,GetRichOrDieTryin,21562,Mark
998659,261,5,true,DEF,109,99,Luke,Ryan,FRE,186,GetRichOrDieTryin,21562,Mark
298419,356,5,true,FWD,98,90,Brandan,Parfitt,GEE,186,GetRichOrDieTryin,21562,Mark
271072,80,5,true,DEF,97,94,Daniel,Rich,BRL,186,GetRichOrDieTryin,21562,Mark
250321,361,5,true,MID,95,100,Joel,Selwood,GEE,186,GetRichOrDieTryin,21562,Mark
260257,165,5,true,MID,84,126,Scott,Pendlebury,COL,186,GetRichOrDieTryin,21562,Mark
1002222,460,5,true,MID,77,102,James,Worpel,HAW,186,GetRichOrDieTryin,21562,Mark
280711,562,5,true,FWD,71,116,Charlie,Dixon,PTA,186,GetRichOrDieTryin,21562,Mark
293813,618,5,true,FWD,65,76,Tom J.,Lynch,RIC,186,GetRichOrDieTryin,21562,Mark
1002264,649,5,true,DEF,55,82,Hunter,Clark,STK,186,GetRichOrDieTryin,21562,Mark
250105,115,5,true,MID,50,92,Marc,Murphy,CAR,186,GetRichOrDieTryin,21562,Mark
261892,572,5,true,DEF,50,95,Hamish,Hartlett,PTA,186,GetRichOrDieTryin,21562,Mark
280078,809,5,true,MID,33,104,Luke,Shuey,WCE,186,GetRichOrDieTryin,21562,Mark
994295,574,5,false,DEF,0,0,Dan,Houston,PTA,186,GetRichOrDieTryin,21562,Mark
297401,6,5,false,MID,0,0,Matt,Crouch,ADE,186,GetRichOrDieTryin,21562,Mark
1005521,74,5,false,FWD,0,0,Oscar,McInerney,BRL,186,GetRichOrDieTryin,21562,Mark
994185,148,5,false,FWD,0,0,Jordan,De Goey,COL,186,GetRichOrDieTryin,21562,Mark
250365,553,5,true,MID,133,127,Travis,Boak,PTA,5524,The Dragon's Laird,45168,Luke
295342,703,5,true,DEF,132,114,Jake,Lloyd,SYD,5524,The Dragon's Laird,45168,Luke
293535,76,5,true,MID,130,172,Lachie,Neale,BRL,5524,The Dragon's Laird,45168,Luke
1001026,217,5,true,DEF,122,93,Jordan,Ridley,ESS,5524,The Dragon's Laird,45168,Luke
293846,676,5,true,MID,107,86,Sebastian,Ross,STK,5524,The Dragon's Laird,45168,Luke
293222,21,5,true,DEF,107,87,Rory,Laird,ADE,5524,The Dragon's Laird,45168,Luke
294613,446,5,true,MID,100,94,Jaeger,O'Meara,HAW,5524,The Dragon's Laird,45168,Luke
297523,30,5,true,RUC,95,117,Reilly,O'Brien,ADE,5524,The Dragon's Laird,45168,Luke
270963,36,5,true,MID,93,115,Rory,Sloane,ADE,5524,The Dragon's Laird,45168,Luke
290627,628,5,true,MID,89,101,Dion,Prestia,RIC,5524,The Dragon's Laird,45168,Luke
261911,565,5,true,FWD,84,106,Brad,Ebert,PTA,5524,The Dragon's Laird,45168,Luke
996765,713,5,true,FWD,79,91,Tom,Papley,SYD,5524,The Dragon's Laird,45168,Luke
291962,459,5,true,FWD,76,100,Chad,Wingard,HAW,5524,The Dragon's Laird,45168,Luke
270146,97,5,true,MID,74,84,Ed,Curnow,CAR,5524,The Dragon's Laird,45168,Luke
293871,146,5,true,DEF,68,94,Jack,Crisp,COL,5524,The Dragon's Laird,45168,Luke
1001299,588,5,true,FWD,53,98,Connor,Rozee,PTA,5524,The Dragon's Laird,45168,Luke
993832,134,5,true,DEF,46,68,Jacob,Weitering,CAR,5524,The Dragon's Laird,45168,Luke
1006130,761,5,true,FWD,3,105,Bailey,Smith,WBD,5524,The Dragon's Laird,45168,Luke
270935,200,5,false,DEF,0,0,Michael,Hurley,ESS,5524,The Dragon's Laird,45168,Luke
998172,411,5,false,MID,0,0,Tim,Taranto,GWS,5524,The Dragon's Laird,45168,Luke
290738,534,5,false,MID,0,0,Jared,Polec,NTH,5524,The Dragon's Laird,45168,Luke
294557,746,5,false,MID,0,0,Lachie,Hunter,WBD,5524,The Dragon's Laird,45168,Luke
271129,519,5,true,RUC,137,146,Todd,Goldstein,NTH,189,The Full Bonty,10857,Anthony
998133,51,5,true,MID,121,96,Jarrod,Berry,BRL,189,The Full Bonty,10857,Anthony
281065,337,5,true,MID,117,119,Mitch,Duncan,GEE,189,The Full Bonty,10857,Anthony
294307,5,5,true,MID,110,91,Brad,Crouch,ADE,189,The Full Bonty,10857,Anthony
990609,54,5,true,FWD,101,73,Charlie,Cameron,BRL,189,The Full Bonty,10857,Anthony
270325,537,5,true,DEF,98,82,Robbie,Tarrant,NTH,189,The Full Bonty,10857,Anthony
298524,322,5,true,DEF,97,87,Lachie,Weller,GCS,189,The Full Bonty,10857,Anthony
996701,490,5,true,MID,96,110,Clayton,Oliver,MEL,189,The Full Bonty,10857,Anthony
291526,334,5,true,FWD,91,83,Luke,Dahlhaus,GEE,189,The Full Bonty,10857,Anthony
293845,377,5,true,FWD,86,54,Jeremy,Cameron,GWS,189,The Full Bonty,10857,Anthony
230202,131,5,true,DEF,82,70,Kade,Simpson,CAR,189,The Full Bonty,10857,Anthony
1006126,719,5,true,FWD,81,66,James,Rowbottom,SYD,189,The Full Bonty,10857,Anthony
295898,794,5,true,MID,77,90,Tim,Kelly,WCE,189,The Full Bonty,10857,Anthony
992049,633,5,true,DEF,75,88,Jayden,Short,RIC,189,The Full Bonty,10857,Anthony
1006094,133,5,true,MID,58,83,Sam,Walsh,CAR,189,The Full Bonty,10857,Anthony
991930,559,5,true,DEF,57,72,Darcy,Byrne-Jones,PTA,189,The Full Bonty,10857,Anthony
297373,729,5,true,MID,55,116,Marcus,Bontempelli,WBD,189,The Full Bonty,10857,Anthony
996464,304,5,true,FWD,50,80,Darcy,MacPherson,GCS,189,The Full Bonty,10857,Anthony
294685,415,5,false,DEF,0,0,Zac,Williams,GWS,189,The Full Bonty,10857,Anthony
280965,173,5,false,MID,0,0,Steele,Sidebottom,COL,189,The Full Bonty,10857,Anthony
998102,207,5,false,MID,0,0,Andrew,McGrath,ESS,189,The Full Bonty,10857,Anthony
270912,365,5,false,FWD,0,0,Jack,Steven,GEE,189,The Full Bonty,10857,Anthony
992010,159,5,true,DEF,116,104,Brayden,Maynard,COL,182,Coronaviney,300791,Paul
294101,747,5,true,DEF,108,85,Jason,Johannisen,WBD,182,Coronaviney,300791,Paul
294305,414,5,true,FWD,93,74,Lachie,Whitfield,GWS,182,Coronaviney,300791,Paul
298421,655,5,true,FWD,91,71,Jade,Gresham,STK,182,Coronaviney,300791,Paul
250312,616,5,true,DEF,88,111,Bachar,Houli,RIC,182,Coronaviney,300791,Paul
996059,47,5,true,DEF,83,81,Harris,Andrews,BRL,182,Coronaviney,300791,Paul
291975,323,5,true,RUC,83,97,Jarrod,Witts,GCS,182,Coronaviney,300791,Paul
290801,787,5,true,MID,83,108,Andrew,Gaff,WCE,182,Coronaviney,300791,Paul
298539,698,5,true,MID,79,101,Isaac,Heeney,SYD,182,Coronaviney,300791,Paul
270896,606,5,true,MID,74,87,Trent,Cotchin,RIC,182,Coronaviney,300791,Paul
294508,379,5,true,DEF,70,88,Aidan,Corr,GWS,182,Coronaviney,300791,Paul
294318,593,5,true,MID,67,76,Ollie,Wines,PTA,182,Coronaviney,300791,Paul
992242,690,5,true,FWD,61,71,Jordan,Dawson,SYD,182,Coronaviney,300791,Paul
291902,501,5,true,MID,60,96,Jack,Viney,MEL,182,Coronaviney,300791,Paul
291327,418,5,true,FWD,53,95,Jonathon,Ceglar,HAW,182,Coronaviney,300791,Paul
999824,353,5,true,MID,52,100,Quinton,Narkle,GEE,182,Coronaviney,300791,Paul
280921,513,5,true,MID,50,116,Ben,Cunnington,NTH,182,Coronaviney,300791,Paul
281124,92,5,true,FWD,39,88,Levi,Casboult,CAR,182,Coronaviney,300791,Paul
992016,211,5,false,MID,0,0,Zach,Merrett,ESS,182,Coronaviney,300791,Paul
280109,413,5,false,MID,0,0,Callan,Ward,GWS,182,Coronaviney,300791,Paul
993834,738,5,false,MID,0,0,Josh,Dunkley,WBD,182,Coronaviney,300791,Paul
296294,227,5,false,FWD,0,0,Blake,Acres,FRE,182,Coronaviney,300791,Paul
291783,219,5,true,MID,156,90,Dylan,Shiel,ESS,9867,Bad Boys For Fyfe,71052,James
281091,293,5,true,FWD,132,94,Hugh,Greenwood,GCS,9867,Bad Boys For Fyfe,71052,James
292128,816,5,true,MID,121,92,Elliot,Yeo,WCE,9867,Bad Boys For Fyfe,71052,James
1000978,72,5,true,MID,116,81,Hugh,McCluggage,BRL,9867,Bad Boys For Fyfe,71052,James
298111,384,5,true,FWD,111,60,Jeremy,Finlayson,GWS,9867,Bad Boys For Fyfe,71052,James
290778,714,5,true,MID,110,119,Luke,Parker,SYD,9867,Bad Boys For Fyfe,71052,James
295136,736,5,true,DEF,107,108,Caleb,Daniel,WBD,9867,Bad Boys For Fyfe,71052,James
291969,378,5,true,MID,103,86,Stephen,Coniglio,GWS,9867,Bad Boys For Fyfe,71052,James
1003130,752,5,true,FWD,94,94,Patrick,Lipinski,WBD,9867,Bad Boys For Fyfe,71052,James
298290,124,5,true,RUC,83,100,Marc,Pittonet,CAR,9867,Bad Boys For Fyfe,71052,James
294859,796,5,true,DEF,82,82,Jeremy,McGovern,WCE,9867,Bad Boys For Fyfe,71052,James
291861,506,5,true,MID,80,89,Jed,Anderson,NTH,9867,Bad Boys For Fyfe,71052,James
295461,218,5,true,DEF,80,91,Adam,Saad,ESS,9867,Bad Boys For Fyfe,71052,James
291771,220,5,true,FWD,70,78,Devon,Smith,ESS,9867,Bad Boys For Fyfe,71052,James
994539,121,5,true,DEF,51,82,Sam,Petrevski-Seton,CAR,9867,Bad Boys For Fyfe,71052,James
295256,545,5,true,DEF,43,71,Marley,Williams,NTH,9867,Bad Boys For Fyfe,71052,James
1004998,579,5,true,FWD,38,91,Todd,Marshall,PTA,9867,Bad Boys For Fyfe,71052,James
1009208,314,5,true,MID,6,127,Matthew,Rowell,GCS,9867,Bad Boys For Fyfe,71052,James
292511,370,5,false,DEF,0,0,Zach,Tuohy,GEE,9867,Bad Boys For Fyfe,71052,James
291570,244,5,false,MID,0,0,Nat,Fyfe,FRE,9867,Bad Boys For Fyfe,71052,James
280763,69,5,false,RUC,0,0,Stefan,Martin,BRL,9867,Bad Boys For Fyfe,71052,James
999827,101,5,false,FWD,0,0,Zac,Fisher,CAR,9867,Bad Boys For Fyfe,71052,James
295265,389,5,true,DEF,148,100,Nick,Haynes,GWS,9856,It's always Sonny,8258,Simon
998205,403,5,true,MID,136,117,Harry,Perryman,GWS,9856,It's always Sonny,8258,Simon
992468,668,5,true,RUC,128,96,Rowan,Marshall,STK,9856,It's always Sonny,8258,Simon
298210,491,5,true,FWD,111,90,Christian,Petracca,MEL,9856,It's always Sonny,8258,Simon
291776,136,5,true,MID,103,111,Taylor,Adams,COL,9856,It's always Sonny,8258,Simon
296035,516,5,true,MID,97,86,Trent,Dumont,NTH,9856,It's always Sonny,8258,Simon
281007,270,5,true,FWD,92,95,Michael,Walters,FRE,9856,It's always Sonny,8258,Simon
296733,328,5,true,DEF,89,95,Mark,Blicavs,GEE,9856,It's always Sonny,8258,Simon
296359,495,5,true,DEF,82,67,Christian,Salem,MEL,9856,It's always Sonny,8258,Simon
270919,587,5,true,MID,75,75,Tom,Rockliff,PTA,9856,It's always Sonny,8258,Simon
998260,277,5,true,MID,71,100,Jack,Bowes,GCS,9856,It's always Sonny,8258,Simon
298264,481,5,true,MID,69,93,Ed,Langdon,MEL,9856,It's always Sonny,8258,Simon
1004095,303,5,true,FWD,68,64,Jack,Lukosius,GCS,9856,It's always Sonny,8258,Simon
294674,637,5,true,DEF,55,100,Nick,Vlastuin,RIC,9856,It's always Sonny,8258,Simon
280336,248,5,true,FWD,55,42,Stephen,Hill,FRE,9856,It's always Sonny,8258,Simon
220001,325,5,true,FWD,49,89,Gary,Ablett,GEE,9856,It's always Sonny,8258,Simon
297566,455,5,true,DEF,44,114,James,Sicily,HAW,9856,It's always Sonny,8258,Simon
260227,522,5,true,MID,35,101,Shaun,Higgins,NTH,9856,It's always Sonny,8258,Simon
290527,581,5,false,DEF,0,0,Trent,McKenzie,PTA,9856,It's always Sonny,8258,Simon
293651,734,5,false,DEF,0,0,Hayden,Crozier,WBD,9856,It's always Sonny,8258,Simon
261224,90,5,false,MID,0,0,Dayne,Zorko,BRL,9856,It's always Sonny,8258,Simon
271045,797,5,false,RUC,0,0,Nic,Naitanui,WCE,9856,It's always Sonny,8258,Simon
993905,709,6,true,DEF,173,91,Callum,Mills,SYD,9806,HoweIMetYourMother,86078,Lester
298272,307,6,true,MID,142,101,Touk,Miller,GCS,9806,HoweIMetYourMother,86078,Lester
993998,536,6,true,FWD,127,98,Jy,Simpkin,NTH,9806,HoweIMetYourMother,86078,Lester
1002232,232,6,true,FWD,122,95,Andrew,Brayshaw,FRE,9806,HoweIMetYourMother,86078,Lester
291790,178,6,true,MID,122,126,Adam,Treloar,COL,9806,HoweIMetYourMother,86078,Lester
296296,807,6,true,MID,114,99,Dom,Sheed,WCE,9806,HoweIMetYourMother,86078,Lester
290550,341,6,true,MID,109,78,Cameron,Guthrie,GEE,9806,HoweIMetYourMother,86078,Lester
290746,578,6,true,RUC,108,101,Scott,Lycett,PTA,9806,HoweIMetYourMother,86078,Lester
1000932,8,6,true,DEF,105,81,Tom,Doedee,ADE,9806,HoweIMetYourMother,86078,Lester
293716,67,6,true,MID,88,118,Jarryd,Lyons,BRL,9806,HoweIMetYourMother,86078,Lester
298211,340,6,true,FWD,84,73,Darcy,Fort,GEE,9806,HoweIMetYourMother,86078,Lester
993816,268,6,true,FWD,68,82,Darcy,Tucker,FRE,9806,HoweIMetYourMother,86078,Lester
290847,620,6,true,FWD,66,91,Dustin,Martin,RIC,9806,HoweIMetYourMother,86078,Lester
990704,94,6,true,MID,56,105,Patrick,Cripps,CAR,9806,HoweIMetYourMother,86078,Lester
1002239,235,6,true,DEF,54,96,Adam,Cerra,FRE,9806,HoweIMetYourMother,86078,Lester
1005717,651,6,true,DEF,54,56,Nick,Coffield,STK,9806,HoweIMetYourMother,86078,Lester
298279,464,6,true,MID,44,79,Angus,Brayshaw,MEL,9806,HoweIMetYourMother,86078,Lester
240283,789,6,true,DEF,39,95,Shannon,Hurn,WCE,9806,HoweIMetYourMother,86078,Lester
291800,366,6,false,DEF,0,0,Tom,Stewart,GEE,9806,HoweIMetYourMother,86078,Lester
250312,616,6,false,DEF,0,0,Bachar,Houli,RIC,9806,HoweIMetYourMother,86078,Lester
993834,738,6,false,MID,0,0,Josh,Dunkley,WBD,9806,HoweIMetYourMother,86078,Lester
260750,591,6,false,FWD,0,0,Justin,Westhoff,PTA,9806,HoweIMetYourMother,86078,Lester
290528,469,6,true,RUC,153,155,Max,Gawn,MEL,33301,"What's Up, Doch?",180650,Jordan
270917,335,6,true,MID,146,109,Patrick,Dangerfield,GEE,33301,"What's Up, Doch?",180650,Jordan
295467,755,6,true,MID,138,104,Jack,Macrae,WBD,33301,"What's Up, Doch?",180650,Jordan
291856,440,6,true,MID,122,125,Tom,Mitchell,HAW,33301,"What's Up, Doch?",180650,Jordan
296190,112,6,true,FWD,116,109,Jack,Martin,CAR,33301,"What's Up, Doch?",180650,Jordan
998134,641,6,true,DEF,101,88,Josh,Battle,STK,33301,"What's Up, Doch?",180650,Jordan
290156,533,6,true,DEF,99,69,Jasper,Pittard,NTH,33301,"What's Up, Doch?",180650,Jordan
1002227,615,6,true,FWD,94,97,Jack,Higgins,RIC,33301,"What's Up, Doch?",180650,Jordan
290307,715,6,true,DEF,90,81,Dane,Rampe,SYD,33301,"What's Up, Doch?",180650,Jordan
998103,691,6,true,MID,89,94,Oliver,Florent,SYD,33301,"What's Up, Doch?",180650,Jordan
270588,199,6,true,DEF,87,74,Cale,Hooker,ESS,33301,"What's Up, Doch?",180650,Jordan
296351,643,6,true,MID,83,106,Jack,Billings,STK,33301,"What's Up, Doch?",180650,Jordan
295344,387,6,true,FWD,83,95,Toby,Greene,GWS,33301,"What's Up, Doch?",180650,Jordan
293713,286,6,true,MID,71,75,Brandon,Ellis,GCS,33301,"What's Up, Doch?",180650,Jordan
290311,82,6,true,MID,64,97,Mitch,Robinson,BRL,33301,"What's Up, Doch?",180650,Jordan
998130,274,6,true,FWD,63,97,Ben,Ainsworth,GCS,33301,"What's Up, Doch?",180650,Jordan
295518,99,6,true,DEF,49,119,Sam,Docherty,CAR,33301,"What's Up, Doch?",180650,Jordan
992374,645,6,true,FWD,40,105,Dan,Butler,STK,33301,"What's Up, Doch?",180650,Jordan
260930,609,6,false,DEF,0,0,Shane,Edwards,RIC,33301,"What's Up, Doch?",180650,Jordan
993903,392,6,false,MID,0,0,Jacob,Hopper,GWS,33301,"What's Up, Doch?",180650,Jordan
991988,660,6,false,MID,0,0,Zak,Jones,STK,33301,"What's Up, Doch?",180650,Jordan
261396,570,6,false,FWD,0,0,Robbie,Gray,PTA,33301,"What's Up, Doch?",180650,Jordan
250321,361,6,true,MID,143,93,Joel,Selwood,GEE,186,GetRichOrDieTryin,21562,Mark
297401,6,6,true,MID,123,123,Matt,Crouch,ADE,186,GetRichOrDieTryin,21562,Mark
261510,343,6,true,FWD,120,105,Tom,Hawkins,GEE,186,GetRichOrDieTryin,21562,Mark
290032,617,6,true,FWD,109,87,Kane,Lambert,RIC,186,GetRichOrDieTryin,21562,Mark
994295,574,6,true,DEF,109,84,Dan,Houston,PTA,186,GetRichOrDieTryin,21562,Mark
293957,151,6,true,RUC,107,134,Brodie,Grundy,COL,186,GetRichOrDieTryin,21562,Mark
998659,261,6,true,DEF,105,100,Luke,Ryan,FRE,186,GetRichOrDieTryin,21562,Mark
296347,397,6,true,MID,92,110,Josh,Kelly,GWS,186,GetRichOrDieTryin,21562,Mark
260257,165,6,true,MID,90,108,Scott,Pendlebury,COL,186,GetRichOrDieTryin,21562,Mark
296205,680,6,true,MID,87,108,Jack,Steele,STK,186,GetRichOrDieTryin,21562,Mark
1002222,460,6,true,MID,83,86,James,Worpel,HAW,186,GetRichOrDieTryin,21562,Mark
280711,562,6,true,FWD,83,86,Charlie,Dixon,PTA,186,GetRichOrDieTryin,21562,Mark
281080,808,6,true,DEF,80,92,Brad,Sheppard,WCE,186,GetRichOrDieTryin,21562,Mark
298419,356,6,true,FWD,79,105,Brandan,Parfitt,GEE,186,GetRichOrDieTryin,21562,Mark
271072,80,6,true,DEF,77,89,Daniel,Rich,BRL,186,GetRichOrDieTryin,21562,Mark
1002264,649,6,true,DEF,61,84,Hunter,Clark,STK,186,GetRichOrDieTryin,21562,Mark
250105,115,6,true,MID,47,84,Marc,Murphy,CAR,186,GetRichOrDieTryin,21562,Mark
1005521,74,6,true,FWD,38,72,Oscar,McInerney,BRL,186,GetRichOrDieTryin,21562,Mark
261892,572,6,false,DEF,0,0,Hamish,Hartlett,PTA,186,GetRichOrDieTryin,21562,Mark
280078,809,6,false,MID,0,0,Luke,Shuey,WCE,186,GetRichOrDieTryin,21562,Mark
994185,148,6,false,FWD,0,0,Jordan,De Goey,COL,186,GetRichOrDieTryin,21562,Mark
290623,601,6,false,FWD,0,0,Josh,Caddy,RIC,186,GetRichOrDieTryin,21562,Mark
293535,76,6,true,MID,134,147,Lachie,Neale,BRL,5524,The Dragon's Laird,45168,Luke
1006130,761,6,true,FWD,119,84,Bailey,Smith,WBD,5524,The Dragon's Laird,45168,Luke
1001026,217,6,true,DEF,111,97,Jordan,Ridley,ESS,5524,The Dragon's Laird,45168,Luke
294557,746,6,true,MID,108,94,Lachie,Hunter,WBD,5524,The Dragon's Laird,45168,Luke
297523,30,6,true,RUC,103,107,Reilly,O'Brien,ADE,5524,The Dragon's Laird,45168,Luke
295342,703,6,true,DEF,102,119,Jake,Lloyd,SYD,5524,The Dragon's Laird,45168,Luke
293871,146,6,true,DEF,91,97,Jack,Crisp,COL,5524,The Dragon's Laird,45168,Luke
290738,534,6,true,MID,81,92,Jared,Polec,NTH,5524,The Dragon's Laird,45168,Luke
293222,21,6,true,DEF,76,88,Rory,Laird,ADE,5524,The Dragon's Laird,45168,Luke
270963,36,6,true,MID,76,97,Rory,Sloane,ADE,5524,The Dragon's Laird,45168,Luke
996765,713,6,true,FWD,72,111,Tom,Papley,SYD,5524,The Dragon's Laird,45168,Luke
250365,553,6,true,MID,70,126,Travis,Boak,PTA,5524,The Dragon's Laird,45168,Luke
294613,446,6,true,MID,66,97,Jaeger,O'Meara,HAW,5524,The Dragon's Laird,45168,Luke
1001299,588,6,true,FWD,54,77,Connor,Rozee,PTA,5524,The Dragon's Laird,45168,Luke
290160,472,6,true,DEF,47,78,Michael,Hibberd,MEL,5524,The Dragon's Laird,45168,Luke
261911,565,6,true,FWD,47,100,Brad,Ebert,PTA,5524,The Dragon's Laird,45168,Luke
293846,676,6,true,MID,37,82,Sebastian,Ross,STK,5524,The Dragon's Laird,45168,Luke
291962,459,6,true,FWD,34,98,Chad,Wingard,HAW,5524,The Dragon's Laird,45168,Luke
270935,200,6,false,DEF,0,0,Michael,Hurley,ESS,5524,The Dragon's Laird,45168,Luke
270146,97,6,false,MID,0,0,Ed,Curnow,CAR,5524,The Dragon's Laird,45168,Luke
998172,411,6,false,MID,0,0,Tim,Taranto,GWS,5524,The Dragon's Laird,45168,Luke
290627,628,6,false,MID,0,0,Dion,Prestia,RIC,5524,The Dragon's Laird,45168,Luke
295898,794,6,true,MID,140,93,Tim,Kelly,WCE,189,The Full Bonty,10857,Anthony
271129,519,6,true,RUC,129,145,Todd,Goldstein,NTH,189,The Full Bonty,10857,Anthony
998102,207,6,true,MID,120,96,Andrew,McGrath,ESS,189,The Full Bonty,10857,Anthony
293845,377,6,true,FWD,119,64,Jeremy,Cameron,GWS,189,The Full Bonty,10857,Anthony
992049,633,6,true,DEF,118,96,Jayden,Short,RIC,189,The Full Bonty,10857,Anthony
297373,729,6,true,MID,116,104,Marcus,Bontempelli,WBD,189,The Full Bonty,10857,Anthony
996701,490,6,true,MID,106,125,Clayton,Oliver,MEL,189,The Full Bonty,10857,Anthony
993817,214,6,true,FWD,88,68,Darcy,Parish,ESS,189,The Full Bonty,10857,Anthony
998133,51,6,true,MID,87,103,Jarrod,Berry,BRL,189,The Full Bonty,10857,Anthony
991930,559,6,true,DEF,84,74,Darcy,Byrne-Jones,PTA,189,The Full Bonty,10857,Anthony
294307,5,6,true,MID,81,99,Brad,Crouch,ADE,189,The Full Bonty,10857,Anthony
230202,131,6,true,DEF,70,77,Kade,Simpson,CAR,189,The Full Bonty,10857,Anthony
298524,322,6,true,DEF,59,88,Lachie,Weller,GCS,189,The Full Bonty,10857,Anthony
291351,426,6,true,FWD,58,77,Jack,Gunston,HAW,189,The Full Bonty,10857,Anthony
291526,334,6,true,FWD,53,77,Luke,Dahlhaus,GEE,189,The Full Bonty,10857,Anthony
270325,537,6,true,DEF,53,101,Robbie,Tarrant,NTH,189,The Full Bonty,10857,Anthony
990609,54,6,true,FWD,47,82,Charlie,Cameron,BRL,189,The Full Bonty,10857,Anthony
281065,337,6,true,MID,13,121,Mitch,Duncan,GEE,189,The Full Bonty,10857,Anthony
294685,415,6,false,DEF,0,0,Zac,Williams,GWS,189,The Full Bonty,10857,Anthony
1006094,133,6,false,MID,0,0,Sam,Walsh,CAR,189,The Full Bonty,10857,Anthony
280965,173,6,false,MID,0,0,Steele,Sidebottom,COL,189,The Full Bonty,10857,Anthony
996464,304,6,false,FWD,0,0,Darcy,MacPherson,GCS,189,The Full Bonty,10857,Anthony
294199,351,6,true,MID,152,84,Sam,Menegola,GEE,182,Coronaviney,300791,Paul
291748,37,6,true,DEF,124,70,Brodie,Smith,ADE,182,Coronaviney,300791,Paul
291902,501,6,true,MID,123,98,Jack,Viney,MEL,182,Coronaviney,300791,Paul
294305,414,6,true,FWD,111,75,Lachie,Whitfield,GWS,182,Coronaviney,300791,Paul
1004592,740,6,true,RUC,105,111,Tim,English,WBD,182,Coronaviney,300791,Paul
298288,162,6,true,DEF,102,85,Darcy,Moore,COL,182,Coronaviney,300791,Paul
298421,655,6,true,FWD,92,78,Jade,Gresham,STK,182,Coronaviney,300791,Paul
992010,159,6,true,DEF,89,108,Brayden,Maynard,COL,182,Coronaviney,300791,Paul
298539,698,6,true,FWD,86,84,Isaac,Heeney,SYD,182,Coronaviney,300791,Paul
294318,593,6,true,MID,85,82,Ollie,Wines,PTA,182,Coronaviney,300791,Paul
280109,413,6,true,MID,75,71,Callan,Ward,GWS,182,Coronaviney,300791,Paul
992016,211,6,true,MID,68,112,Zach,Merrett,ESS,182,Coronaviney,300791,Paul
290801,787,6,true,MID,67,121,Andrew,Gaff,WCE,182,Coronaviney,300791,Paul
294101,747,6,true,DEF,57,90,Jason,Johannisen,WBD,182,Coronaviney,300791,Paul
296294,227,6,true,FWD,46,68,Blake,Acres,FRE,182,Coronaviney,300791,Paul
996059,47,6,true,DEF,43,83,Harris,Andrews,BRL,182,Coronaviney,300791,Paul
291327,418,6,true,FWD,43,86,Jonathon,Ceglar,HAW,182,Coronaviney,300791,Paul
260382,700,6,true,MID,18,114,Josh P.,Kennedy,SYD,182,Coronaviney,300791,Paul
992128,556,6,false,DEF,0,0,Ryan,Burton,PTA,182,Coronaviney,300791,Paul
992242,690,6,false,DEF,0,0,Jordan,Dawson,SYD,182,Coronaviney,300791,Paul
280921,513,6,false,MID,0,0,Ben,Cunnington,NTH,182,Coronaviney,300791,Paul
270896,606,6,false,MID,0,0,Trent,Cotchin,RIC,182,Coronaviney,300791,Paul
281091,293,6,true,FWD,126,110,Hugh,Greenwood,GCS,9867,Bad Boys For Fyfe,71052,James
294859,796,6,true,DEF,122,76,Jeremy,McGovern,WCE,9867,Bad Boys For Fyfe,71052,James
292128,816,6,true,MID,105,79,Elliot,Yeo,WCE,9867,Bad Boys For Fyfe,71052,James
292511,370,6,true,DEF,102,67,Zach,Tuohy,GEE,9867,Bad Boys For Fyfe,71052,James
291969,378,6,true,MID,97,101,Stephen,Coniglio,GWS,9867,Bad Boys For Fyfe,71052,James
290832,319,6,true,MID,92,72,David,Swallow,GCS,9867,Bad Boys For Fyfe,71052,James
295461,218,6,true,DEF,92,94,Adam,Saad,ESS,9867,Bad Boys For Fyfe,71052,James
994539,121,6,true,DEF,87,80,Sam,Petrevski-Seton,CAR,9867,Bad Boys For Fyfe,71052,James
291570,244,6,true,MID,84,113,Nat,Fyfe,FRE,9867,Bad Boys For Fyfe,71052,James
1003130,752,6,true,FWD,83,115,Patrick,Lipinski,WBD,9867,Bad Boys For Fyfe,71052,James
295136,736,6,true,DEF,81,109,Caleb,Daniel,WBD,9867,Bad Boys For Fyfe,71052,James
298290,124,6,true,RUC,75,104,Marc,Pittonet,CAR,9867,Bad Boys For Fyfe,71052,James
291783,219,6,true,MID,74,110,Dylan,Shiel,ESS,9867,Bad Boys For Fyfe,71052,James
1000978,72,6,true,MID,74,107,Hugh,McCluggage,BRL,9867,Bad Boys For Fyfe,71052,James
291771,220,6,true,FWD,68,77,Devon,Smith,ESS,9867,Bad Boys For Fyfe,71052,James
298111,384,6,true,FWD,61,71,Jeremy,Finlayson,GWS,9867,Bad Boys For Fyfe,71052,James
1004998,579,6,true,FWD,51,83,Todd,Marshall,PTA,9867,Bad Boys For Fyfe,71052,James
290778,714,6,true,MID,45,120,Luke,Parker,SYD,9867,Bad Boys For Fyfe,71052,James
1009208,314,6,false,MID,0,0,Matthew,Rowell,GCS,9867,Bad Boys For Fyfe,71052,James
291861,506,6,false,MID,0,0,Jed,Anderson,NTH,9867,Bad Boys For Fyfe,71052,James
280763,69,6,false,RUC,0,0,Stefan,Martin,BRL,9867,Bad Boys For Fyfe,71052,James
999827,101,6,false,FWD,0,0,Zac,Fisher,CAR,9867,Bad Boys For Fyfe,71052,James
297566,455,6,true,DEF,132,100,James,Sicily,HAW,9856,It's always Sonny,8258,Simon
261224,90,6,true,MID,119,106,Dayne,Zorko,BRL,9856,It's always Sonny,8258,Simon
295265,389,6,true,DEF,113,123,Nick,Haynes,GWS,9856,It's always Sonny,8258,Simon
296733,328,6,true,DEF,108,96,Mark,Blicavs,GEE,9856,It's always Sonny,8258,Simon
281007,270,6,true,FWD,107,130,Michael,Walters,FRE,9856,It's always Sonny,8258,Simon
291776,136,6,true,MID,104,101,Taylor,Adams,COL,9856,It's always Sonny,8258,Simon
298210,491,6,true,FWD,104,104,Christian,Petracca,MEL,9856,It's always Sonny,8258,Simon
294674,637,6,true,DEF,103,88,Nick,Vlastuin,RIC,9856,It's always Sonny,8258,Simon
296359,495,6,true,DEF,101,91,Christian,Salem,MEL,9856,It's always Sonny,8258,Simon
296035,516,6,true,MID,98,93,Trent,Dumont,NTH,9856,It's always Sonny,8258,Simon
220001,325,6,true,FWD,97,86,Gary,Ablett,GEE,9856,It's always Sonny,8258,Simon
998260,277,6,true,MID,90,82,Jack,Bowes,GCS,9856,It's always Sonny,8258,Simon
260227,522,6,true,MID,90,86,Shaun,Higgins,NTH,9856,It's always Sonny,8258,Simon
298264,481,6,true,MID,87,98,Ed,Langdon,MEL,9856,It's always Sonny,8258,Simon
298630,203,6,true,FWD,79,81,Kyle,Langford,ESS,9856,It's always Sonny,8258,Simon
992468,668,6,true,RUC,76,87,Rowan,Marshall,STK,9856,It's always Sonny,8258,Simon
998205,403,6,true,MID,73,101,Harry,Perryman,GWS,9856,It's always Sonny,8258,Simon
1006121,557,6,true,FWD,73,92,Zak,Butters,PTA,9856,It's always Sonny,8258,Simon
296422,682,6,false,DEF,0,0,Callum,Wilkie,STK,9856,It's always Sonny,8258,Simon
293651,734,6,false,DEF,0,0,Hayden,Crozier,WBD,9856,It's always Sonny,8258,Simon
270919,587,6,false,MID,0,0,Tom,Rockliff,PTA,9856,It's always Sonny,8258,Simon
271045,797,6,false,RUC,0,0,Nic,Naitanui,WCE,9856,It's always Sonny,8258,Simon
