"id","first_name","last_name","team.abbrev","player_stats.avg","positions.position","positions.position.1","user_team_id","round","pick","current_team_id","DEF","MID","RUC","FWD","score"
"151","Brodie","Grundy","COL",124.375,"RUC","","186",1,1,"186",,,0.838591544491307,,0.8386
"469","Max","Gawn","MEL",153.714,"RUC","","33301",1,2,"33301",,,2.55226095399623,,2.5523
"755","Jack","Macrae","WBD",117.5,"MID","","9856",1,3,"33301",,1.47351522512247,,,1.4735
"414","Lachie","Whitfield","GWS",90.125,"FWD","MID","182",1,4,"182",,-1.25228481324165,,0.16703088062905,0.167
"729","Marcus","Bontempelli","WBD",99.5,"MID","","189",1,5,"189",,-0.318791649418322,,,-0.3188
"76","Lachie","Neale","BRL",143,"MID","","5524",1,6,"5524",,4.01261663072193,,,4.0126
"94","Patrick","Cripps","CAR",95.625,"MID","","9806",1,7,"9806",,-0.704635490465299,,,-0.7046
"244","Nat","Fyfe","FRE",114.8,"MID","","9867",1,8,"9867",,1.20466919394135,,,1.2047
"397","Josh","Kelly","GWS",116.429,"MID","","186",2,9,"186",,1.36687296608729,,,1.3669
"440","Tom","Mitchell","HAW",107.875,"MID","","33301",2,10,"33301",,0.515128910263852,,,0.5151
"335","Patrick","Dangerfield","GEE",108,"MID","","9856",2,11,"33301",,0.527575485781497,,,0.5276
"738","Josh","Dunkley","WBD",108.667,"MID","","182",2,12,"9806",,0.593990412743648,,,0.594
"490","Clayton","Oliver","MEL",119.571,"MID","","189",2,13,"189",,1.6797300882988,,,1.6797
"703","Jake","Lloyd","SYD",115.875,"DEF","","5524",2,14,"5524",2.34449022146731,,,,2.3445
"620","Dustin","Martin","RIC",93.2857,"FWD","MID","9806",2,15,"9806",,-0.937565683332703,,0.476899713101371,0.4769
"378","Stephen","Coniglio","GWS",101.375,"MID","","9867",2,16,"9867",,-0.132093016653656,,,-0.1321
"816","Elliot","Yeo","WCE",87.75,"MID","","9867",3,17,"9867",,-1.4887697480769,,,-1.4888
"178","Adam","Treloar","COL",120,"MID","","9806",3,18,"9806",,1.72244673547536,,,1.7224
"21","Rory","Laird","ADE",90.5,"DEF","","5524",3,19,"5524",0.0105109549039034,,,,0.0105
"415","Zac","Williams","GWS",71.3333,"DEF","","189",3,20,"189",-1.75243211537948,,,,-1.7524
"698","Isaac","Heeney","SYD",94,"FWD","MID","182",3,21,,,-0.866440972194676,,0.54692828494779,0.5469
"455","James","Sicily","HAW",112.125,"DEF","","9856",3,22,"189",1.9995671771476,,,,1.9996
"99","Sam","Docherty","CAR",101.25,"DEF","","33301",3,23,"33301",0.999290348620421,,,,0.9993
"6","Matt","Crouch","ADE",100.143,"MID","","186",3,24,"186",,-0.25476646495556,,,-0.2548
"261","Luke","Ryan","FRE",97.25,"DEF","","186",4,25,"186",0.631372434679391,,,,0.6314
"387","Toby","Greene","GWS",101,"FWD","","33301",4,26,"33301",,,,1.23319456371713,1.2332
"270","Michael","Walters","FRE",111.875,"FWD","MID","9856",4,27,"9856",,0.913419326828473,,2.2993582468052,2.2994
"211","Zach","Merrett","ESS",107.833,"MID","","182",4,28,"182",,0.510946860889924,,,0.5109
"794","Tim","Kelly","WCE",103.25,"MID","","189",4,29,"189",,0.0546056161110096,,,0.0546
"36","Rory","Sloane","ADE",91.3333,"MID","","5524",4,30,"5524",,-1.1319712356579,,,-1.132
"789","Shannon","Hurn","WCE",89.25,"DEF","","9806",4,31,"9806",-0.104463393202668,,,,-0.1045
"714","Luke","Parker","SYD",109.5,"MID","","9867",4,32,"9867",,0.67693439199323,,,0.6769
"736","Caleb","Daniel","WBD",105.875,"DEF","","9867",5,33,"9867",1.42469543661474,,,,1.4247
"366","Tom","Stewart","GEE",82,"DEF","","9806",5,34,"9806",-0.771314612220785,,,,-0.7713
"146","Jack","Crisp","COL",94.25,"DEF","","5524",5,35,"5524",0.355433999223619,,,,0.3554
"519","Todd","Goldstein","NTH",126,"RUC","","189",5,36,"9856",,,0.933506599211833,,0.9335
"787","Andrew","Gaff","WCE",106.875,"MID","","182",5,37,"182",,0.415556306122697,,,0.4156
"574","Dan","Houston","PTA",86,"DEF","MID","9856",5,38,"186",-0.403396698279755,-1.66302180532392,,,-0.4034
"491","Christian","Petracca","MEL",119.429,"FWD","","33301",5,39,"9856",,,,3.03993759963714,3.0399
"460","James","Worpel","HAW",85.5,"MID","","186",5,40,"186",,-1.7128081073945,,,-1.7128
"165","Scott","Pendlebury","COL",104.571,"MID","","186",6,41,"186",,0.186141026181475,,,0.1861
"90","Dayne","Zorko","BRL",91.1667,"MID","","33301",6,42,"9856",,-1.14856003150781,,,-1.1486
"715","Dane","Rampe","SYD",91.75,"DEF","","9856",6,43,"33301",0.125485303010475,,,,0.1255
"616","Bachar","Houli","RIC",94.25,"DEF","","182",6,44,"9806",0.355433999223619,,,,0.3554
"304","Darcy","MacPherson","GCS",58.25,"FWD","MID","189",6,45,,,-4.42616157024097,,-2.95793163876703,-2.9579
"676","Sebastian","Ross","STK",74.25,"MID","","5524",6,46,"189",,-2.83299990398249,,,-2.833
"700","Josh P.","Kennedy","SYD",90.3333,"MID","","9806",6,47,"182",,-1.23154383979905,,,-1.2315
"220","Devon","Smith","ESS",76.8571,"FWD","MID","9867",6,48,"9867",,-2.57340416772609,,-1.13372802795433,-1.1337
"72","Hugh","McCluggage","BRL",107.125,"MID","","9867",7,49,"9867",,0.440449457157986,,,0.4404
"37","Brodie","Smith","ADE",81.125,"DEF","","9806",7,50,"182",-0.851796655895386,,,,-0.8518
"553","Travis","Boak","PTA",105.125,"MID","","5524",7,51,"5524",,0.241304248875676,,,0.2413
"322","Lachie","Weller","GCS",81,"DEF","","189",7,52,"189",-0.863294090706043,,,,-0.8633
"214","Darcy","Parish","ESS",77.2857,"FWD","MID","182",7,53,"189",,-2.53072734959119,,-1.09170892408568,-1.0917
"116","Nic","Newman","CAR",23.5,"DEF","","9856",7,54,,-6.15211410360835,,,,-6.1521
"392","Jacob","Hopper","GWS",86.125,"MID","","33301",7,55,"33301",,-1.65057522980627,,,-1.6506
"80","Daniel","Rich","BRL",80.5,"DEF","","186",7,56,"186",-0.909283829948672,,,,-0.9093
"617","Kane","Lambert","RIC",89.125,"FWD","","186",8,57,"186",,,,0.0689928408048595,0.069
"197","Dyson","Heppell","ESS",89,"MID","","33301",8,58,,,-1.36430399290045,,,-1.3643
"668","Rowan","Marshall","STK",99.75,"RUC","","9856",8,59,"189",,,-0.599736592427428,,-0.5997
"690","Jordan","Dawson","SYD",75.375,"DEF","FWD","182",8,60,"182",-1.38067865718562,,,-1.27903020677776,-1.279
"337","Mitch","Duncan","GEE",107.857,"MID","","189",8,61,"189",,0.513336603389312,,,0.5133
"30","Reilly","O'Brien","ADE",109.25,"RUC","","5524",8,62,"5524",,,-0.044848580215124,,-0.0448
"578","Scott","Lycett","PTA",101.5,"RUC","","9806",8,63,"9806",,,-0.497520379651477,,-0.4975
"69","Stefan","Martin","BRL",46.4,"RUC","","9867",8,64,,,,-3.71587085048284,,-3.7159
"293","Hugh","Greenwood","GCS",110.875,"FWD","MID","9867",9,65,"9867",,0.813846722687318,,2.20132020698101,2.2013
"377","Jeremy","Cameron","GWS",77.75,"FWD","","9806",9,66,"189",,,,-1.04618986219531,-1.0462
"628","Dion","Prestia","RIC",92.4,"MID","","5524",9,67,"5524",,-1.02575713882052,,,-1.0258
"365","Jack","Steven","GEE",54.5,"FWD","MID","189",9,68,,,-4.79955883577031,,-3.32557428810775,-3.3256
"513","Ben","Cunnington","NTH",102.333,"MID","","182",9,69,"182",,-0.0367024618864299,,,-0.0367
"548","Jack","Ziebell","NTH",45.4,"FWD","MID","9856",9,70,,,-5.70566953345482,,-4.21772045050788,-4.2177
"389","Nick","Haynes","GWS",110.875,"DEF","","33301",9,71,"9856",1.88459282904102,,,,1.8846
"809","Luke","Shuey","WCE",96.6667,"MID","","186",9,72,"186",,-0.600910708731457,,,-0.6009
"680","Jack","Steele","STK",118.875,"MID","","186",10,73,"186",,1.61042755581656,,,1.6104
"637","Nick","Vlastuin","RIC",85.25,"DEF","","33301",10,74,"9856",-0.472381307143698,,,,-0.4724
"325","Gary","Ablett","GEE",82.1429,"FWD","","9856",10,75,,,,,-0.615518557051623,-0.6155
"655","Jade","Gresham","STK",82,"FWD","MID","182",10,76,"182",,-2.06131222188854,,-0.6295281929425,-0.6295
"5","Brad","Crouch","ADE",82.125,"MID","","189",10,77,"189",,-2.04886564637089,,,-2.0489
"746","Lachie","Hunter","WBD",103.333,"MID","","5524",10,78,"5524",,0.0628701422547253,,,0.0629
"709","Callum","Mills","SYD",106.25,"DEF","","9806",10,79,"9806",1.45918774104671,,,,1.4592
"752","Patrick","Lipinski","WBD",88.8333,"FWD","MID","9867",10,80,"9867",,-1.38090274601078,,0.0403951445881425,0.0404
"219","Dylan","Shiel","ESS",114,"MID","","9867",11,81,"9867",,1.12501111062843,,,1.125
"67","Jarryd","Lyons","BRL",113.75,"MID","","9806",11,82,"9806",,1.10011795959314,,,1.1001
"459","Chad","Wingard","HAW",90,"FWD","MID","5524",11,83,"5524",,-1.2647313887593,,0.154776125651026,0.1548
"559","Darcy","Byrne-Jones","PTA",81.625,"DEF","","189",11,84,"189",-0.805806916652757,,,,-0.8058
"418","Jonathon","Ceglar","HAW",79,"RUC","FWD","182",11,85,"182",,,-1.81172882962799,-0.923642312415072,-0.9236
"136","Taylor","Adams","COL",112.25,"MID","","9856",11,86,"9856",,0.950759053381407,,,0.9508
"570","Robbie","Gray","PTA",77.75,"FWD","MID","33301",11,87,"33301",,-2.48449578948845,,-1.04618986219531,-1.0462
"618","Tom J.","Lynch","RIC",61.25,"FWD","","186",11,88,,,,,-2.66381751929446,-2.6638
"148","Jordan","De Goey","COL",86,"FWD","","186",12,89,,,,,-0.237376033645737,-0.2374
"643","Jack","Billings","STK",100.5,"MID","","33301",12,90,"33301",,-0.219219045277167,,,-0.2192
"495","Christian","Salem","MEL",81.1667,"DEF","","9856",12,91,"9867",-0.84796111164255,,,,-0.848
"47","Harris","Andrews","BRL",87.75,"DEF","","182",12,92,"182",-0.242432610930555,,,,-0.2424
"133","Sam","Walsh","CAR",90.375,"MID","","189",12,93,"9856",,-1.22739166220636,,,-1.2274
"446","Jaeger","O'Meara","HAW",92.8571,"MID","","5524",12,94,"5524",,-0.980242501467602,,,-0.9802
"153","Jeremy","Howe","COL",120.5,"DEF","","9806",12,95,,2.76989530946163,,,,2.7699
"121","Sam","Petrevski-Seton","CAR",81.875,"DEF","MID","9867",12,96,"9867",-0.782812047031442,-2.07375879740618,,,-0.7828
"796","Jeremy","McGovern","WCE",87,"DEF","","9867",13,97,"9856",-0.311417219794498,,,,-0.3114
"464","Angus","Brayshaw","MEL",72.5714,"MID","","9806",13,98,,,-3.00014247729383,,,-3.0001
"200","Michael","Hurley","ESS",84.2857,"DEF","","5524",13,99,"5524",-0.561077118247032,,,,-0.5611
"173","Steele","Sidebottom","COL",109.25,"MID","","189",13,100,"189",,0.652041240957941,,,0.652
"501","Jack","Viney","MEL",112,"MID","","182",13,101,"182",,0.925865902346118,,,0.9259
"471","James","Harmes","MEL",64.4286,"MID","","9856",13,102,,,-3.81094227829443,,,-3.8109
"112","Jack","Martin","CAR",95.375,"FWD","MID","33301",13,103,"33301",,-0.729528641500588,,0.681730589706052,0.6817
"522","Shaun","Higgins","NTH",101.125,"MID","","186",13,104,"9856",,-0.156986167688945,,,-0.157
"649","Hunter","Clark","STK",82.125,"DEF","","186",14,105,"186",-0.759817177410128,,,,-0.7598
"609","Shane","Edwards","RIC",81.2,"DEF","MID","33301",14,106,"33301",-0.844898195008991,-2.14097030520146,,,-0.8449
"653","Luke","Dunstan","STK",92,"MID","","9856",14,107,,,-1.06558618047699,,,-1.0656
"28","Wayne","Milera","ADE",83,"DEF","MID","182",14,108,,-0.679335133735528,-1.96173961774738,,,-0.6793
"633","Jayden","Short","RIC",95.125,"DEF","","189",14,109,"189",0.435916042898219,,,,0.4359
"588","Connor","Rozee","PTA",66.625,"FWD","","5524",14,110,,,,,-2.13686305523943,-2.1369
"232","Andrew","Brayshaw","FRE",102.25,"FWD","MID","9806",14,111,"9806",,-0.0449669880301456,,1.35574211349736,1.3557
"319","David","Swallow","GCS",84.8571,"MID","","9867",14,112,"9867",,-1.77682333459684,,,-1.7768
"370","Zach","Tuohy","GEE",82.375,"DEF","","9867",15,113,"9867",-0.736822307788814,,,,-0.7368
"807","Dom","Sheed","WCE",87.625,"MID","","9806",15,114,"9806",,-1.50121632359454,,,-1.5012
"761","Bailey","Smith","WBD",91.125,"FWD","MID","5524",15,115,"5524",,-1.1527122091005,,0.265068920453241,0.2651
"334","Luke","Dahlhaus","GEE",70.1429,"FWD","","189",15,116,,,,,-1.79197503494191,-1.792
"278","Will","Brodie","GCS",36,"MID","","182",15,117,,,-6.64165201238168,,,-6.6417
"587","Tom","Rockliff","PTA",86.2,"MID","","9856",15,118,"33301",,-1.64310728449569,,,-1.6431
"767","Mitch","Wallis","WBD",67.75,"FWD","MID","33301",15,119,,,-3.4802218309,,-2.02657026043722,-2.0266
"361","Joel","Selwood","GEE",94.8571,"MID","","186",15,120,"186",,-0.781097293185292,,,-0.7811
"783","Jack","Darling","WCE",68.875,"FWD","","186",16,121,,,,,-1.916277465635,-1.9163
"763","Matthew","Suckling","WBD",59,"DEF","","33301",16,122,,-2.88684261738171,,,,-2.8868
"356","Brandan","Parfitt","GEE",93.6667,"FWD","MID","9856",16,123,"186",,-0.899628521154923,,0.514252206274387,0.5143
"747","Jason","Johannisen","WBD",83.5,"DEF","","182",16,124,"182",-0.633345394492899,,,,-0.6333
"207","Andrew","McGrath","ESS",98.8571,"MID","","189",16,125,"189",,-0.382806876620671,,,-0.3828
"657","Bradley","Hill","STK",56.875,"MID","","5524",16,126,,,-4.56307390093506,,,-4.5631
"591","Justin","Westhoff","PTA",70.375,"FWD","MID","9806",16,127,,,-3.21884374502947,,-1.76922040589872,-1.7692
"671","Tim","Membrey","STK",65,"FWD","","9867",16,128,,,,,-2.29617486995374,-2.2962
"406","Heath","Shaw","GWS",76.875,"DEF","","9867",17,129,,-1.24270943945773,,,,-1.2427
"699","George","Hewett","SYD",77.5,"MID","","9806",17,130,,,-2.50938894052374,,,-2.5094
"713","Tom","Papley","SYD",91.625,"FWD","","5524",17,131,"5524",,,,0.314087940365336,0.3141
"556","Ryan","Burton","PTA",76.5,"DEF","","189",17,132,,-1.2772017438897,,,,-1.2772
"486","Tom","McDonald","MEL",51.6,"FWD","","182",17,133,,,,,-3.6098846035979,-3.6099
"51","Jarrod","Berry","BRL",99.25,"MID","","9856",17,134,"189",,-0.343684800453611,,,-0.3437
"82","Mitch","Robinson","BRL",88,"MID","","33301",17,135,"33301",,-1.46387659704161,,,-1.4639
"808","Brad","Sheppard","WCE",93.125,"DEF","","186",17,136,"186",0.251957085927704,,,,0.252
"343","Tom","Hawkins","GEE",99.5,"FWD","","186",18,137,"186",,,,1.08613750398084,1.0861
"59","Cameron","Ellis-Yolmen","BRL",59.3333,"MID","","33301",18,138,,,-4.31829456817486,,,-4.3183
"22","Tom","Lynch","ADE",74.125,"FWD","","9856",18,139,"182",,,,-1.401577756558,-1.4016
"675","Dylan","Roberton","STK",26,"DEF","","182",18,140,,-5.9221654073952,,,,-5.9222
"677","Paddy","Ryder","STK",99,"RUC","FWD","189",18,141,"9856",,,-0.643543540759978,1.03711848406874,1.0371
"97","Ed","Curnow","CAR",93.875,"MID","","5524",18,142,"5524",,-0.87888754771232,,,-0.8789
"536","Jy","Simpkin","NTH",101.25,"FWD","MID","9806",18,143,"9806",,-0.144539592171301,,1.25770407367317,1.2577
"468","Bayley","Fritsch","MEL",56.7143,"DEF","FWD","9867",18,144,,-3.09708011135546,,,-3.10848865652504,-3.0971
"218","Adam","Saad","ESS",102.714,"DEF","","9867",19,145,"9867",1.13394830512284,,,,1.1339
"656","Dan","Hannebery","STK",70.6,"MID","","9806",19,146,,,-3.19643990909771,,,-3.1964
"484","Steven","May","MEL",85.8571,"DEF","","5524",19,147,,-0.416540565755298,,,,-0.4165
"353","Quinton","Narkle","GEE",64.2,"MID","","189",19,148,,,-3.8337045756011,,,-3.8337
"323","Jarrod","Witts","GCS",98.75,"RUC","","182",19,149,"182",,,-0.658145856870828,,-0.6581
"635","Sydney","Stack","RIC",48.5,"DEF","","9856",19,150,,-3.85262714147691,,,,-3.8526
"88","Alex","Witherden","BRL",41,"DEF","","33301",19,151,,-4.54247323011634,,,,-4.5425
"231","Connor","Blakely","FRE",0,"DEF","","186",19,152,,-8.3136318480119,,,,-8.3136
"131","Kade","Simpson","CAR",74.5,"DEF","","186",20,153,,-1.46116070086022,,,,-1.4612
"601","Josh","Caddy","RIC",65.5,"FWD","MID","33301",20,154,,,-3.7042601902176,,-2.24715585004165,-2.2472
"289","Brayden","Fiorini","GCS",66,"MID","","9856",20,155,,,-3.65447388814702,,,-3.6545
"802","Jack","Redden","WCE",72,"MID","","182",20,156,,,-3.05703826330009,,,-3.057
"797","Nic","Naitanui","WCE",94.875,"RUC","","189",20,157,"9867",,,-0.884481756589005,,-0.8845
"235","Adam","Cerra","FRE",81.625,"DEF","","5524",20,158,"186",-0.805806916652757,,,,-0.8058
"268","Darcy","Tucker","FRE",64.75,"FWD","MID","9806",20,159,"9806",,-3.77893964332347,,-2.32068437990979,-2.3207
"208","Conor","McKenna","ESS",76,"DEF","","9867",20,160,"5524",-1.32319148313233,,,,-1.3232
"388","Jackson","Hately","GWS",65.6,"MID","","9867",21,161,,,-3.69430292980348,,,-3.6943
"307","Touk","Miller","GCS",113.875,"MID","","9806",21,162,"9806",,1.11256453511078,,,1.1126
"719","James","Rowbottom","SYD",71.5,"FWD","MID","5524",21,163,"9806",,-3.10682456537067,,-1.6589276110965,-1.6589
"597","Liam","Baker","RIC",72.8571,"DEF","FWD","189",21,164,,-1.61227378606365,,,-1.52588018725109,-1.5259
"413","Callan","Ward","GWS",88.5,"MID","","182",21,165,,,-1.41409029497103,,,-1.4141
"577","Jarrod","Lienert","PTA",38,"DEF","","9856",21,166,,-4.81841166557211,,,,-4.8184
"256","David","Mundy","FRE",77.2857,"MID","","33301",21,167,,,-2.53072734959119,,,-2.5307
"115","Marc","Murphy","CAR",81.125,"MID","","186",21,168,"9867",,-2.14843825051205,,,-2.1484
"565","Brad","Ebert","PTA",96.5714,"FWD","","186",22,169,"5524",,,,0.799023300551713,0.799
"691","Oliver","Florent","SYD",89.125,"MID","","33301",22,170,,,-1.35185741738281,,,-1.3519
"175","Jaidyn","Stephenson","COL",69.6667,"FWD","","9856",22,171,,,,,-1.83866074950619,-1.8387
"395","Sam","Jacobs","GWS",89.75,"RUC","","182",22,172,,,,-1.18382923686143,,-1.1838
"586","Sam","Powell-Pepper","PTA",72.875,"FWD","MID","189",22,173,,,-2.96991223467658,,-1.52412530633824,-1.5241
"228","James","Aish","FRE",75.125,"DEF","","5524",22,174,"33301",-1.40367352680693,,,,-1.4037
"572","Hamish","Hartlett","PTA",83.25,"DEF","","9806",22,175,"186",-0.656340264114213,,,,-0.6563
"749","Alex","Keath","WBD",67.5,"DEF","","9867",22,176,,-2.10501705025702,,,,-2.105
"411","Tim","Taranto","GWS",96,"MID","",,,,"5524",,-0.667295763912366,,,-0.6673
"108","Matthew","Kreuzer","CAR",33,"RUC","",,,,,,,-4.4985549940244,,-4.4986
"430","Ricky","Henderson","HAW",70.5714,"MID","",,,,,,-3.19928768557615,,,-3.1993
"439","Ben","McEvoy","HAW",77.375,"RUC","",,,,"9806",,,-1.90664388434851,,-1.9066
"593","Ollie","Wines","PTA",89.1667,"MID","",,,,"182",,-1.34770523979012,,,-1.3477
"534","Jared","Polec","NTH",92,"MID","",,,,"5524",,-1.06558618047699,,,-1.0656
"251","Rory","Lobb","FRE",76.125,"RUC","",,,,,,,-1.97965546490276,,-1.9797
"454","Liam","Shiels","HAW",79.5,"MID","",,,,,,-2.31024373224143,,,-2.3102
"286","Brandon","Ellis","GCS",83.4286,"MID","",,,,,,-1.91906279961248,,,-1.9191
"506","Jed","Anderson","NTH",90.5,"MID","",,,,"182",,-1.21494508668872,,,-1.2149
"363","Rhys","Stanley","GEE",96,"RUC","",,,,,,,-0.818771334090179,,-0.8188
"481","Ed","Langdon","MEL",86.5714,"MID","",,,,"9867",,-1.60612601931766,,,-1.6061
"660","Zak","Jones","STK",89.2857,"MID","",,,,"33301",,-1.33585609989732,,,-1.3359
"184","Tom","Bellchambers","ESS",70.25,"RUC","",,,,,,,-2.32280989350774,,-2.3228
"678","Shane","Savage","STK",0,"DEF","",,,,,-8.3136318480119,,,,-8.3136
"306","Anthony","Miles","GCS",0,"MID","",,,,,,-10.2262657614633,,,-10.2263
"516","Trent","Dumont","NTH",101.5,"MID","",,,,"9856",,-0.119646441136012,,,-0.1196
"456","Isaac","Smith","HAW",81.375,"MID","",,,,"5524",,-2.12354509947676,,,-2.1235
"166","Tom","Phillips","COL",71.75,"MID","",,,,,,-3.08193141433538,,,-3.0819
"328","Mark","Blicavs","GEE",93.375,"DEF","",,,,"9856",0.274951955549019,,,,0.275
"740","Tim","English","WBD",112.875,"RUC","",,,,"189",,,0.166885003392202,,0.1669
"537","Robbie","Tarrant","NTH",86,"DEF","",,,,"9856",-0.403396698279755,,,,-0.4034
"751","Tom","Liberatore","WBD",95.6667,"MID","",,,,"9856",,-0.700483312872612,,,-0.7005
"384","Jeremy","Finlayson","GWS",64.625,"FWD","",,,,,,,,-2.33293913488781,-2.3329
"401","Shane","Mumford","GWS",71.25,"RUC","",,,,,,,-2.26440062906434,,-2.2644
"526","Jamie","Macmillan","NTH",68.1429,"DEF","",,,,,-2.04588344353885,,,,-2.0459
"138","Dayne","Beams","COL",0,"MID","",,,,,,-10.2262657614633,,,-10.2263
"351","Sam","Menegola","GEE",97.625,"MID","",,,,"182",,-0.505490282182988,,,-0.5055
"199","Cale","Hooker","ESS",80,"DEF","",,,,,-0.9552735691913,,,,-0.9553
"689","Harry","Cunningham","SYD",77,"DEF","",,,,,-1.23121200464707,,,,-1.2312
"159","Brayden","Maynard","COL",103.875,"DEF","",,,,"182",1.24073647964422,,,,1.2407
"426","Jack","Gunston","HAW",71.875,"FWD","",,,,"189",,,,-1.62216334616243,-1.6222
"54","Charlie","Cameron","BRL",82.25,"FWD","",,,,"189",,,,-0.605018682986452,-0.605
"509","Ben","Brown","NTH",54.5,"FWD","",,,,,,,,-3.32557428810775,-3.3256
"533","Jasper","Pittard","NTH",69.25,"DEF","",,,,,-1.94405296290782,,,,-1.9441
"382","Phil","Davis","GWS",53.75,"DEF","",,,,,-3.36973487942931,,,,-3.3697
"606","Trent","Cotchin","RIC",93,"MID","",,,,"182",,-0.966013576335831,,,-0.966
"428","Blake","Hardwick","HAW",71,"DEF","",,,,,-1.78308887555862,,,,-1.7831
"225","David","Zaharakis","ESS",62.2857,"MID","",,,,,,-4.02431641170852,,,-4.0243
"266","Matt","Taberner","FRE",69.75,"FWD","",,,,,,,,-1.83049418078884,-1.8305
"716","Sam","Reid","SYD",79,"FWD","",,,,,,,,-0.923642312415072,-0.9236
"788","Tom","Hickey","WCE",33,"RUC","",,,,,,,-4.4985549940244,,-4.4986
"777","Tom","Barrass","WCE",77.625,"DEF","",,,,"9856",-1.17372483059379,,,,-1.1737
"683","Aliir","Aliir","SYD",62.7143,"DEF","",,,,,-2.54520324044392,,,,-2.5452
"679","Jack","Sinclair","STK",68,"FWD","MID",,,,,,-3.45532867986471,,-2.00206075048117,-2.0021
"294","Pearce","Hanley","GCS",60.1429,"DEF","",,,,,-2.78171927142091,,,,-2.7817
"295","Jarrod","Harbrow","GCS",61.5714,"DEF","",,,,,-2.65032658640472,,,,-2.6503
"753","Sam","Lloyd","WBD",36.5,"FWD","",,,,,,,,-5.09025900494318,-5.0903
"613","Jack","Graham","RIC",68,"MID","",,,,"186",,-3.45532867986471,,,-3.4553
"550","Karl","Amon","PTA",71.5,"MID","",,,,,,-3.10682456537067,,,-3.1068
"416","Luke","Breust","HAW",81.25,"FWD","",,,,,,,,-0.703056722810643,-0.7031
"575","Tom","Jonas","PTA",74.25,"DEF","",,,,"182",-1.48415557048153,,,,-1.4842
"417","Shaun","Burgoyne","HAW",68.4286,"DEF","",,,,,-2.01960490653561,,,,-2.0196
"341","Cameron","Guthrie","GEE",95.75,"MID","",,,,"9806",,-0.692188914947654,,,-0.6922
"391","Harry","Himmelberg","GWS",63.5,"FWD","",,,,,,,,-2.44323192969003,-2.4432
"782","Jamie","Cripps","WCE",62.75,"FWD","",,,,,,,,-2.51676045955817,-2.5168
"739","Taylor","Duryea","WBD",0,"DEF","",,,,,-8.3136318480119,,,,-8.3136
"277","Jack","Bowes","GCS",89.875,"MID","",,,,"9856",,-1.27717796427694,,,-1.2772
"634","Ivan","Soldo","RIC",88.8333,"RUC","",,,,,,,-1.2373730095767,,-1.2374
"403","Harry","Perryman","GWS",94.75,"MID","",,,,"9856",,-0.79176151908881,,,-0.7918
"1","Rory","Atkins","ADE",49.3333,"MID","",,,,,,-5.31402060958641,,,-5.314
"206","Anthony","McDonald-Tipungwuti","ESS",68.5714,"FWD","",,,,,,,,-1.94604181452563,-1.946
"383","Matt","de Boer","GWS",62.75,"MID","",,,,,,-3.97808485160578,,,-3.9781
"734","Hayden","Crozier","WBD",88.1429,"DEF","",,,,"189",-0.206293873833697,,,,-0.2063
"160","Chris","Mayne","COL",74.125,"MID","",,,,,,-2.84544647950014,,,-2.8454
"19","Jake","Kelly","ADE",54.4286,"DEF","",,,,,-3.30731760532921,,,,-3.3073
"162","Darcy","Moore","COL",77.375,"DEF","",,,,,-1.1967197002151,,,,-1.1967
"156","Tom","Langdon","COL",0,"DEF","",,,,,-8.3136318480119,,,,-8.3136
"625","Toby","Nankervis","RIC",99,"RUC","",,,,,,,-0.643543540759978,,-0.6435
"507","Shaun","Atley","NTH",74.25,"DEF","",,,,,-1.48415557048153,,,,-1.4842
"92","Levi","Casboult","CAR",73.75,"DEF","FWD",,,,,-1.53014530972416,,,-1.43834202149207,-1.4383
"215","Andrew","Phillips","ESS",76.6667,"RUC","",,,,,,,-1.94801516635377,,-1.948
"240","Sean","Darcy","FRE",57.8333,"RUC","",,,,,,,-3.04806020732211,,-3.0481
"432","Jarman","Impey","HAW",0,"DEF","",,,,,-8.3136318480119,,,,-8.3136
"560","Tom","Clurey","PTA",65.625,"DEF","",,,,,-2.27747857241688,,,,-2.2775
"564","Xavier","Duursma","PTA",75.8,"MID","",,,,,,-2.6786623675637,,,-2.6787
"203","Kyle","Langford","ESS",80.4286,"FWD","MID",,,,"9856",,-2.21778061203595,,-0.783585168722233,-0.7836
"431","Daniel","Howe","HAW",0,"DEF","MID",,,,,-8.3136318480119,-10.2262657614633,,,-8.3136
"614","Dylan","Grimes","RIC",75.875,"DEF","",,,,,-1.33468891794299,,,,-1.3347
"477","Nathan","Jones","MEL",56.5,"DEF","MID",,,,,-3.11679131359485,-4.600413627488,,,-3.1168
"721","Callum","Sinclair","SYD",75.4,"RUC","",,,,,,,-2.02200218162423,,-2.022
"694","Lance","Franklin","SYD",0,"FWD","",,,,,,,,-8.66864745852614,-8.6686
"125","Lachie","Plowman","CAR",72.625,"DEF","",,,,,-1.63362222302007,,,,-1.6336
"34","Paul","Seedsman","ADE",82.2,"MID","",,,,"9806",,-2.04139770106031,,,-2.0414
"563","Willem","Drew","PTA",0,"MID","",,,,,,-10.2262657614633,,,-10.2263
"333","Charlie","Constable","GEE",68,"MID","",,,,,,-3.45532867986471,,,-3.4553
"499","Adam","Tomlinson","MEL",63,"MID","",,,,,,-3.95319170057049,,,-3.9532
"641","Josh","Battle","STK",69,"DEF","",,,,,-1.96704783252913,,,,-1.967
"161","Brody","Mihocek","COL",71.125,"FWD","",,,,,,,,-1.69569187603057,-1.6957
"445","Tim","O'Brien","HAW",52,"DEF","FWD",,,,,-3.53069896677851,,,-3.57066938766822,-3.5307
"735","Bailey","Dale","WBD",55.5714,"FWD","",,,,,,,,-3.22053633224011,-3.2205
"193","Martin","Gleeson","ESS",55,"DEF","",,,,,-3.25476053132274,,,,-3.2548
"696","Sam","Gray","SYD",52.5,"FWD","",,,,,,,,-3.52165036775613,-3.5217
"117","Jack","Newnes","CAR",66.75,"MID","",,,,,,-3.57979443504116,,,-3.5798
"223","Jake","Stringer","ESS",71,"FWD","",,,,,,,,-1.7079466310086,-1.7079
"227","Blake","Acres","FRE",54.3333,"FWD","MID",,,,"9867",,-4.81615758888064,,-3.34191722934644,-3.3419
"369","Harry","Taylor","GEE",79.5714,"DEF","",,,,,-0.994695973670082,,,,-0.9947
"482","Jake","Lever","MEL",66.2857,"DEF","",,,,,-2.21670773098167,,,,-2.2167
"682","Callum","Wilkie","STK",78.875,"DEF","",,,,"9856",-1.05875048248721,,,,-1.0588
"134","Jacob","Weitering","CAR",69.25,"DEF","",,,,,-1.94405296290782,,,,-1.9441
"473","Marty","Hore","MEL",0,"DEF","",,,,,-8.3136318480119,,,,-8.3136
"792","Lewis","Jetta","WCE",68.75,"DEF","",,,,,-1.99004270215045,,,,-1.99
"152","Will","Hoskin-Elliott","COL",67.125,"FWD","",,,,,,,,-2.08784403532734,-2.0878
"149","Jamie","Elliott","COL",62.875,"FWD","",,,,,,,,-2.50450570458015,-2.5045
"756","Toby","McLean","WBD",70,"FWD","",,,,,,,,-1.80598467083279,-1.806
"216","Mason","Redman","ESS",61,"DEF","",,,,,-2.70288366041119,,,,-2.7029
"599","Shai","Bolton","RIC",83.7143,"FWD","",,,,"9856",,,,-0.46146158127189,-0.4615
"40","Daniel","Talia","ADE",76.625,"DEF","",,,,,-1.26570430907904,,,,-1.2657
"419","James","Cousins","HAW",0,"MID","",,,,,,-10.2262657614633,,,-10.2263
"659","Dougal","Howard","STK",61.25,"DEF","FWD",,,,,-2.67988879078988,,,-2.66381751929446,-2.6638
"404","Sam J.","Reid","GWS",0,"DEF","",,,,,-8.3136318480119,,,,-8.3136
"554","Riley","Bonner","PTA",57,"DEF","",,,,,-3.07080157435222,,,,-3.0708
"12","Bryce","Gibbs","ADE",16,"MID","",,,,,,-8.63310409520478,,,-8.6331
"803","Willie","Rioli","WCE",0,"FWD","",,,,,,,,-8.66864745852614,-8.6686
"630","Jack","Riewoldt","RIC",50.875,"FWD","",,,,,,,,-3.68096218247044,-3.681
"96","Charlie","Curnow","CAR",0,"FWD","",,,,,,,,-8.66864745852614,-8.6686
"237","Reece","Conca","FRE",66.8333,"MID","",,,,,,-3.5715000371162,,,-3.5715
"272","Nathan","Wilson","FRE",66.6667,"DEF","",,,,,-2.18166354967878,,,,-2.1817
"347","Josh","Jenkins","GEE",0,"FWD","",,,,,,,,-8.66864745852614,-8.6686
"142","Callum L.","Brown","COL",66.5,"FWD","",,,,,,,,-2.14911781021746,-2.1491
"520","Aaron","Hall","NTH",75,"MID","",,,,,,-2.75832045087663,,,-2.7583
"285","Sam","Day","GCS",59.25,"FWD","",,,,,,,,-2.85989359894284,-2.8599
"2","Luke","Brown","ADE",65.125,"DEF","",,,,,-2.32346831165951,,,,-2.3235
"324","Peter","Wright","GCS",0,"FWD","",,,,,,,,-8.66864745852614,-8.6686
"74","Oscar","McInerney","BRL",71.375,"RUC","FWD",,,,"186",,,-2.25709947100891,-1.67118236607453,-1.6712
"55","Allen","Christensen","BRL",0,"FWD","",,,,,,,,-8.66864745852614,-8.6686
"757","Aaron","Naughton","WBD",49,"FWD","",,,,,,,,-3.8647835071408,-3.8648
"437","Mitch","Lewis","HAW",22.75,"FWD","",,,,,,,,-6.4382820525258,-6.4383
"41","Taylor","Walker","ADE",67.4286,"FWD","",,,,,,,,-2.05807968643671,-2.0581
"352","Gryan","Miers","GEE",69.375,"FWD","",,,,,,,,-1.86725844572291,-1.8673
"297","Nick","Holman","GCS",64,"FWD","",,,,,,,,-2.39421290977793,-2.3942
"204","Jayden","Laverde","ESS",60,"FWD","",,,,,,,,-2.7863650690747,-2.7864
"250","Ethan","Hughes","FRE",61.25,"DEF","",,,,,-2.67988879078988,,,,-2.6799
"209","Shaun","McKernan","ESS",56.3333,"FWD","",,,,,,,,-3.14584114969806,-3.1458
"596","David","Astbury","RIC",84.25,"DEF","",,,,,-0.564360785628956,,,,-0.5644
"61","Darcy","Gardiner","BRL",68.875,"DEF","",,,,,-1.97854526733979,,,,-1.9785
"23","David","Mackay","ADE",70.3333,"DEF","MID",,,,,-1.84441159386474,-3.22299592262215,,,-1.8444
"95","David","Cuningham","CAR",62.75,"FWD","",,,,,,,,-2.51676045955817,-2.5168
"602","Jason","Castagna","RIC",65.75,"FWD","",,,,,,,,-2.2226463400856,-2.2226
"465","Mitch","Brown","MEL",21,"FWD","",,,,,,,,-6.60984862221814,-6.6098
"487","Jake","Melksham","MEL",53.2857,"FWD","",,,,,,,,-3.44462187986626,-3.4446
"105","Liam","Jones","CAR",66.375,"DEF","",,,,,-2.20849396355293,,,,-2.2085
"615","Jack","Higgins","RIC",83.7143,"FWD","",,,,"33301",,,,-0.46146158127189,-0.4615
"730","Josh","Bruce","WBD",55.125,"FWD","",,,,,,,,-3.26430051321763,-3.2643
"776","Oscar","Allen","WCE",94.5,"FWD","",,,,,,,,0.595947304859885,0.5959
"71","Lincoln","McCarthy","BRL",62.125,"FWD","",,,,,,,,-2.57803423444829,-2.578
"453","Tom","Scully","HAW",46.75,"MID","",,,,,,-5.57124651786426,,,-5.5712
"546","Mason","Wood","NTH",42,"FWD","",,,,,,,,-4.55104978591013,-4.551
"101","Zac","Fisher","CAR",80,"FWD","MID",,,,"9867",,-2.26045743017085,,-0.825604272590881,-0.8256
"150","Levi","Greenwood","COL",0,"DEF","",,,,,-8.3136318480119,,,,-8.3136
"666","Jack","Lonie","STK",58.1429,"FWD","",,,,,,,,-2.9684315128322,-2.9684
"765","Jackson","Trengove","WBD",0,"DEF","",,,,,-8.3136318480119,,,,-8.3136
"549","Cameron","Zurhaar","NTH",66.7143,"FWD","",,,,,,,,-2.12810825828313,-2.1281
"398","Adam","Kennedy","GWS",6,"DEF","",,,,,-7.76175497710035,,,,-7.7618
"265","Sam","Switkowski","FRE",0,"FWD","",,,,,,,,-8.66864745852614,-8.6686
"784","Liam","Duggan","WCE",68.875,"DEF","",,,,,-1.97854526733979,,,,-1.9785
"192","Aaron","Francis","ESS",66.75,"DEF","",,,,,-2.17400165912096,,,,-2.174
"170","Jordan","Roughead","COL",48.875,"DEF","",,,,,-3.81813483704494,,,,-3.8181
"187","Dylan","Clarke","ESS",0,"MID","",,,,,,-10.2262657614633,,,-10.2263
"562","Charlie","Dixon","PTA",96.5714,"FWD","",,,,"186",,,,0.799023300551713,0.799
"452","Jack","Scrimshaw","HAW",65.75,"DEF","",,,,,-2.26598113760622,,,,-2.266
"472","Michael","Hibberd","MEL",72,"DEF","",,,,,-1.69110939707336,,,,-1.6911
"524","Ben","Jacobs","NTH",0,"MID","",,,,,,-10.2262657614633,,,-10.2263
"111","Caleb","Marchbank","CAR",0,"DEF","",,,,,-8.3136318480119,,,,-8.3136
"422","Sam","Frost","HAW",64.625,"DEF","",,,,,-2.36945805090213,,,,-2.3695
"381","Brent","Daniels","GWS",58.25,"FWD","",,,,,,,,-2.95793163876703,-2.9579
"449","Paul","Puopolo","HAW",46.5,"FWD","",,,,,,,,-4.10987860670127,-4.1099
"354","Mark","O'Connor","GEE",71.5,"DEF","",,,,,-1.73709913631599,,,,-1.7371
"681","Jimmy","Webster","STK",0,"DEF","",,,,,-8.3136318480119,,,,-8.3136
"662","Dean","Kent","STK",73.3333,"FWD","",,,,,,,,-1.47919447268681,-1.4792
"543","Josh","Walker","NTH",65.625,"DEF","",,,,,-2.27747857241688,,,,-2.2775
"20","Riley","Knight","ADE",0,"FWD","",,,,,,,,-8.66864745852614,-8.6686
"622","Kamdyn","McIntosh","RIC",64.6,"MID","",,,,,,-3.79387553394464,,,-3.7939
"253","Brandon","Matera","FRE",46.25,"FWD","",,,,,,,,-4.13438811665732,-4.1344
"246","Joel","Hamling","FRE",0,"DEF","",,,,,-8.3136318480119,,,,-8.3136
"514","Luke","Davies-Uniacke","NTH",48,"FWD","MID",,,,,,-5.44678076268782,,-3.96282154696499,-3.9628
"252","Griffin","Logue","FRE",70.2,"DEF","",,,,,-1.85667245834682,,,,-1.8567
"539","Tarryn","Thomas","NTH",54,"FWD","",,,,,,,,-3.37459330801984,-3.3746
"515","Majak","Daw","NTH",0,"DEF","",,,,,-8.3136318480119,,,,-8.3136
"176","Josh","Thomas","COL",40,"FWD","",,,,,,,,-4.74712586555851,-4.7471
"583","Steven","Motlop","PTA",64,"FWD","",,,,,,,,-2.39421290977793,-2.3942
"712","Colin","O'Riordan","SYD",42.6667,"DEF","",,,,,-4.38917103332496,,,,-4.3892
"180","Rupert","Wills","COL",72.6667,"MID","",,,,,,-2.99065320811918,,,-2.9907
"505","Paul","Ahern","NTH",53,"DEF","MID",,,,,-3.43871948829325,-4.94891774198204,,,-3.4387
"518","Taylor","Garner","NTH",0,"FWD","",,,,,,,,-8.66864745852614,-8.6686
"91","Eddie","Betts","CAR",58.5714,"FWD","",,,,,,,,-2.92642221276754,-2.9264
"447","Jonathon","Patton","HAW",40,"RUC","FWD",,,,,,,-4.0896901429206,-4.74712586555851,-4.0897
"48","Noah","Answerth","BRL",57,"DEF","",,,,,-3.07080157435222,,,,-3.0708
"242","Taylin","Duman","FRE",66.3333,"DEF","",,,,,-2.21232950780577,,,,-2.2123
"795","Josh J.","Kennedy","WCE",71.875,"FWD","",,,,,,,,-1.62216334616243,-1.6222
"114","Harry","McKay","CAR",47,"FWD","",,,,,,,,-4.06085958678918,-4.0609
"545","Marley","Williams","NTH",66.75,"DEF","",,,,,-2.17400165912096,,,,-2.174
"805","Liam","Ryan","WCE",70.125,"FWD","",,,,,,,,-1.79372991585477,-1.7937
"488","Alex","Neal-Bullen","MEL",74,"FWD","",,,,,,,,-1.41383251153603,-1.4138
"503","Josh","Wagner","MEL",0,"DEF","",,,,,-8.3136318480119,,,,-8.3136
"330","Jordan","Clark","GEE",49,"MID","",,,,,,-5.34720815854666,,,-5.3472
"737","Tory","Dickson","WBD",0,"FWD","",,,,,,,,-8.66864745852614,-8.6686
"65","Ryan","Lester","BRL",63,"DEF","",,,,,-2.51892470344068,,,,-2.5189
"128","Will","Setterfield","CAR",82.125,"MID","",,,,"182",,-2.04886564637089,,,-2.0489
"493","Braydon","Preuss","MEL",0,"RUC","FWD",,,,,,,-6.42606072065662,-8.66864745852614,-6.4261
"540","Kayne","Turner","NTH",0,"FWD","",,,,,,,,-8.66864745852614,-8.6686
"726","Jackson","Thurlow","SYD",0,"DEF","",,,,,-8.3136318480119,,,,-8.3136
"274","Ben","Ainsworth","GCS",74.125,"FWD","MID",,,,,,-2.84544647950014,,-1.401577756558,-1.4016
"525","Nick","Larkey","NTH",46,"FWD","",,,,,,,,-4.15889762661337,-4.1589
"359","Gary","Rohan","GEE",68.25,"FWD","",,,,,,,,-1.97755124052512,-1.9776
"557","Zak","Butters","PTA",81.5,"FWD","",,,,"9856",,,,-0.678547212854595,-0.6785
"400","Daniel","Lloyd","GWS",54.8333,"FWD","",,,,,,,,-3.29289820943434,-3.2929
"648","Jake","Carlisle","STK",77.7143,"DEF","",,,,,-1.16551106316505,,,,-1.1655
"281","Sam","Collins","GCS",82.25,"DEF","",,,,,-0.748319742599471,,,,-0.7483
"249","Jesse","Hogan","FRE",50.6667,"FWD","",,,,,,,,-3.70138350616582,-3.7014
"326","Tom","Atkins","GEE",42.75,"FWD","",,,,,,,,-4.47752125604199,-4.4775
"528","Luke","McDonald","NTH",70.125,"DEF","",,,,,-1.86357091923322,,,,-1.8636
"300","Jesse","Joyce","GCS",64,"DEF","",,,,,-2.42694522495542,,,,-2.4269
"576","Peter","Ladhams","PTA",93,"RUC","FWD",,,,"189",,,-0.99399912742038,0.448890245123599,0.4489
"276","Charlie","Ballard","GCS",69.5714,"DEF","",,,,,-1.91449075852266,,,,-1.9145
"70","Rhys","Mathieson","BRL",0,"FWD","MID",,,,,,-10.2262657614633,,-8.66864745852614,-8.6686
"130","Jack","Silvagni","CAR",35.3333,"FWD","",,,,,,,,-5.20463998600606,-5.2046
"217","Jordan","Ridley","ESS",109.571,"DEF","",,,,"5524",1.76465158909625,,,,1.7647
"221","William","Snelling","ESS",69.8571,"FWD","",,,,,,,,-1.81999430672367,-1.82
"631","Daniel","Rioli","RIC",52.4286,"FWD","",,,,,,,,-3.52865028379957,-3.5287
"102","Michael","Gibbons","CAR",75.625,"FWD","",,,,"182",,,,-1.25452069682172,-1.2545
"640","Logan","Austin","STK",0,"DEF","",,,,,-8.3136318480119,,,,-8.3136
"308","Jordan","Murdoch","GCS",0,"DEF","",,,,,-8.3136318480119,,,,-8.3136
"179","Travis","Varcoe","COL",57,"FWD","",,,,,,,,-3.08047918854727,-3.0805
"504","Sam","Weideman","MEL",62,"FWD","",,,,,,,,-2.59028898942632,-2.5903
"358","Esava","Ratugolea","GEE",65.625,"FWD","",,,,,,,,-2.23490109506362,-2.2349
"284","Jacob","Dawson","GCS",0,"DEF","",,,,,-8.3136318480119,,,,-8.3136
"697","Will","Hayward","SYD",66.1429,"FWD","",,,,,,,,-2.18412719423868,-2.1841
"169","Ben","Reid","COL",0,"FWD","",,,,,,,,-8.66864745852614,-8.6686
"474","Jayden","Hunt","MEL",50.3333,"FWD","",,,,,,,,-3.7340693886432,-3.7341
"44","Marcus","Adams","BRL",28,"DEF","",,,,,-5.73820645042469,,,,-5.7382
"412","Sam","Taylor","GWS",67,"DEF","",,,,,-2.15100678949965,,,,-2.151
"603","Mabior","Chol","RIC",63.25,"RUC","FWD",,,,,,,-2.73167474461154,-2.46774143964608,-2.4677
"745","Will","Hayes","WBD",0,"MID","",,,,,,-10.2262657614633,,,-10.2263
"191","Orazio","Fantasia","ESS",56.2,"FWD","",,,,,,,,-3.15890962040662,-3.1589
"673","Ben","Paton","STK",76.875,"DEF","",,,,,-1.24270943945773,,,,-1.2427
"45","Callum","Ah Chee","BRL",58.1429,"MID","",,,,,,-4.43682579614449,,,-4.4368
"781","Thomas","Cole","WCE",70,"DEF","",,,,,-1.87506835404388,,,,-1.8751
"658","Nick","Hind","STK",59,"FWD","",,,,,,,,-2.88440310889889,-2.8844
"725","Lewis","Taylor","SYD",50.2,"MID","",,,,,,-5.22772103357727,,,-5.2277
"107","Matthew","Kennedy","CAR",72.6667,"FWD","",,,,,,,,-1.54454663003362,-1.5445
"651","Nick","Coffield","STK",72.7143,"DEF","",,,,,-1.62540845559134,,,,-1.6254
"760","Josh","Schache","WBD",39,"FWD","",,,,,,,,-4.8451639053827,-4.8452
"688","Ryan","Clarke","SYD",87,"MID","",,,,,,-1.56344920118276,,,-1.5634
"502","Corey","Wagner","MEL",0,"FWD","MID",,,,,,-10.2262657614633,,-8.66864745852614,-8.6686
"590","Jack","Watts","PTA",0,"DEF","",,,,,-8.3136318480119,,,,-8.3136
"407","Tommy","Sheridan","GWS",17,"MID","",,,,,,-8.53353149106363,,,-8.5335
"632","Jack","Ross","RIC",44.5,"MID","",,,,,,-5.79528487718186,,,-5.7953
"238","Brennan","Cox","FRE",77,"FWD","",,,,,,,,-1.11971839206345,-1.1197
"75","Daniel","McStay","BRL",66.375,"FWD","",,,,,,,,-2.16137256519548,-2.1614
"344","Lachlan","Henderson","GEE",67,"DEF","",,,,,-2.15100678949965,,,,-2.151
"654","Jarryn","Geary","STK",57.1667,"DEF","",,,,,-3.05546859528873,,,,-3.0555
"195","Matt","Guelfi","ESS",53,"MID","",,,,,,-4.94891774198204,,,-4.9489
"327","Jed","Bews","GEE",55.7143,"DEF","",,,,,-3.18905958984072,,,,-3.1891
"813","Jake","Waterman","WCE",64,"FWD","",,,,,,,,-2.39421290977793,-2.3942
"770","Bailey","Williams","WBD",79.625,"DEF","",,,,,-0.989765873623272,,,,-0.9898
"421","James","Frawley","HAW",57.75,"DEF","",,,,,-3.00181696548828,,,,-3.0018
"310","Wil","Powell","GCS",52,"MID","",,,,,,-5.0484903461232,,,-5.0485
"581","Trent","McKenzie","PTA",72.1429,"DEF","",,,,,-1.67796552959782,,,,-1.678
"693","Robbie","Fox","SYD",77.2,"DEF","FWD",,,,,-1.21281610895002,,,-1.10011078409862,-1.1001
"259","Alex","Pearce","FRE",0,"DEF","",,,,,-8.3136318480119,,,,-8.3136
"349","Jake","Kolodjashnij","GEE",64.4,"DEF","",,,,,-2.39015343356132,,,,-2.3902
"316","Alex","Sexton","GCS",61.8571,"FWD","",,,,,,,,-2.60429862531719,-2.6043
"188","Tom","Cutler","ESS",76,"MID","",,,,,,-2.65874784673547,,,-2.6587
"29","Lachlan","Murphy","ADE",56.8333,"FWD","",,,,,,,,-3.09682212978596,-3.0968
"686","Nick","Blakey","SYD",52,"FWD","",,,,,,,,-3.57066938766822,-3.5707
"100","Paddy","Dow","CAR",27,"FWD","MID",,,,,,-7.53780544965208,,-6.02162038327299,-6.0216
"600","Nathan","Broad","RIC",67.875,"DEF","",,,,,-2.07052474582505,,,,-2.0705
"63","Eric","Hipwood","BRL",70.875,"FWD","",,,,,,,,-1.72020138598662,-1.7202
"145","Mason","Cox","COL",46.5,"FWD","",,,,,,,,-4.10987860670127,-4.1099
"222","James","Stewart","ESS",0,"FWD","",,,,,,,,-8.66864745852614,-8.6686
"53","Grant","Birchall","BRL",73.2857,"DEF","",,,,,-1.57285138158486,,,,-1.5729
"236","Travis","Colyer","FRE",58,"FWD","",,,,,,,,-2.98244114872308,-2.9824
"298","Jack","Hombsch","GCS",0,"DEF","",,,,,-8.3136318480119,,,,-8.3136
"672","Matthew","Parker","STK",41,"FWD","",,,,,,,,-4.64908782573432,-4.6491
"771","Easton","Wood","WBD",67.2,"DEF","",,,,,-2.1326108938026,,,,-2.1326
"644","Nathan","Brown","STK",0,"DEF","",,,,,-8.3136318480119,,,,-8.3136
"183","Josh","Begley","ESS",0,"FWD","",,,,,,,,-8.66864745852614,-8.6686
"254","Cam","McCarthy","FRE",51,"FWD","",,,,,,,,-3.66870742749241,-3.6687
"345","Jack","Henry","GEE",62,"DEF","",,,,,-2.61090418192593,,,,-2.6109
"811","Nathan","Vardy","WCE",0,"RUC","",,,,,,,-6.42606072065662,,-6.4261
"492","Harrison","Petty","MEL",0,"DEF","FWD",,,,,-8.3136318480119,,,-8.66864745852614,-8.3136
"541","Dom","Tyson","NTH",0,"MID","",,,,,,-10.2262657614633,,,-10.2263
"443","Harry","Morrison","HAW",68.6,"FWD","MID",,,,,,-3.39558511738002,,-1.94323792658666,-1.9432
"579","Todd","Marshall","PTA",80.625,"FWD","",,,,"9867",,,,-0.764330497700762,-0.7643
"517","Sam","Durdin","NTH",0,"DEF","",,,,,-8.3136318480119,,,,-8.3136
"375","Matt","Buntine","GWS",0,"DEF","FWD",,,,,-8.3136318480119,,,-8.66864745852614,-8.3136
"427","Oliver","Hanrahan","HAW",43.75,"FWD","",,,,,,,,-4.3794832162178,-4.3795
"708","Lewis","Melican","SYD",30,"DEF","",,,,,-5.55424749345417,,,,-5.5542
"483","Jay","Lockhart","MEL",55.1667,"FWD","",,,,,,,,-3.26021232695696,-3.2602
"9","Darcy","Fogarty","ADE",59.6667,"FWD","",,,,,,,,-2.8190411477481,-2.819
"665","Ben","Long","STK",76.1667,"FWD","",,,,,,,,-1.20141349064895,-1.2014
"357","James","Parsons","GEE",0,"MID","",,,,,,-10.2262657614633,,,-10.2263
"670","Daniel","McKenzie","STK",0,"DEF","",,,,,-8.3136318480119,,,,-8.3136
"287","Corey","Ellis","GCS",0,"DEF","",,,,,-8.3136318480119,,,,-8.3136
"780","Jarrod","Cameron","WCE",33,"FWD","",,,,,,,,-5.43339214432785,-5.4334
"16","Elliott","Himmelberg","ADE",29.5,"FWD","",,,,,,,,-5.77652528371252,-5.7765
"801","Jack","Petruccelle","WCE",41.6667,"FWD","",,,,,,,,-4.58372586458353,-4.5837
"390","Ian","Hill","GWS",5,"FWD","",,,,,,,,-8.17845725940519,-8.1785
"733","Zaine","Cordy","WBD",61.5714,"DEF","",,,,,-2.65032658640472,,,,-2.6503
"182","Patrick","Ambrose","ESS",0,"DEF","",,,,,-8.3136318480119,,,,-8.3136
"674","Ed","Phillips","STK",0,"MID","",,,,,,-10.2262657614633,,,-10.2263
"804","Josh","Rotham","WCE",43,"DEF","",,,,,-4.35851427314583,,,,-4.3585
"303","Jack","Lukosius","GCS",78.5,"DEF","FWD",,,,"9806",-1.09324278691919,,,-0.972661332327167,-0.9727
"441","Dylan","Moore","HAW",0,"FWD","",,,,,,,,-8.66864745852614,-8.6686
"790","Mark","Hutchings","WCE",0,"MID","",,,,,,-10.2262657614633,,,-10.2263
"8","Tom","Doedee","ADE",82.2857,"DEF","",,,,"9806",-0.745036075217547,,,,-0.745
"172","Matthew","Scharenberg","COL",75,"DEF","",,,,,-1.41517096161759,,,,-1.4152
"239","Mitchell","Crowden","FRE",31,"FWD","",,,,,,,,-5.62946822397623,-5.6295
"396","Lachlan","Keeffe","GWS",67.5,"DEF","FWD",,,,,-2.10501705025702,,,-2.05107977039327,-2.0511
"429","Michael","Hartley","HAW",0,"DEF","",,,,,-8.3136318480119,,,,-8.3136
"798","Jackson","Nelson","WCE",76.5,"DEF","",,,,,-1.2772017438897,,,,-1.2772
"17","Chayce","Jones","ADE",44.25,"FWD","",,,,,,,,-4.3304641963057,-4.3305
"189","Joe","Daniher","ESS",0,"FWD","",,,,,,,,-8.66864745852614,-8.6686
"11","Jordan","Gallucci","ADE",0,"FWD","",,,,,,,,-8.66864745852614,-8.6686
"705","Tom","McCartin","SYD",53.2,"FWD","",,,,,,,,-3.45302373987919,-3.453
"444","Conor","Nash","HAW",0,"FWD","",,,,,,,,-8.66864745852614,-8.6686
"773","Lewis","Young","WBD",0,"DEF","",,,,,-8.3136318480119,,,,-8.3136
"485","Oscar","McDonald","MEL",61.25,"DEF","",,,,,-2.67988879078988,,,,-2.6799
"229","Bailey","Banfield","FRE",59.6,"FWD","",,,,,,,,-2.82558028500437,-2.8256
"18","Ben","Keays","ADE",80.4286,"FWD","",,,,"5524",,,,-0.783585168722233,-0.7836
"774","Brendon","Ah Chee","WCE",60.2857,"MID","",,,,,,-4.22346161999083,,,-4.2235
"280","Christopher","Burgess","GCS",0,"DEF","",,,,,-8.3136318480119,,,,-8.3136
"707","Hayden","McLean","SYD",64.25,"RUC","",,,,,,,-2.67326548016814,,-2.6733
"340","Darcy","Fort","GEE",80.8,"FWD","",,,,,,,,-0.747173840731529,-0.7472
"759","Ed","Richards","WBD",63.5714,"FWD","MID",,,,,,-3.89629591456423,,-2.43623201364658,-2.4362
"743","Billy","Gowers","WBD",31,"FWD","",,,,,,,,-5.62946822397623,-5.6295
"113","Mitch","McGovern","CAR",58.25,"FWD","",,,,,,,,-2.95793163876703,-2.9579
"49","Zac","Bailey","BRL",74.75,"DEF","MID",,,,,-1.4381658312389,-2.78321360191191,,,-1.4382
"302","Sean","Lemmens","GCS",64,"FWD","MID",,,,,,-3.85361909642933,,-2.39421290977793,-2.3942
"461","Oskar","Baker","MEL",0,"MID","",,,,,,-10.2262657614633,,,-10.2263
"167","Isaac","Quaynor","COL",82.6667,"DEF","",,,,"33301",-0.709991893914664,,,,-0.71
"748","Lin","Jong","WBD",74,"MID","",,,,,,-2.85789305501778,,,-2.8579
"147","Josh","Daicos","COL",77.8571,"MID","",,,,,,-2.47383156358493,,,-2.4738
"762","Roarke","Smith","WBD",0,"FWD","MID",,,,,,-10.2262657614633,,-8.66864745852614,-8.6686
"598","Noah","Balta","RIC",56.25,"RUC","FWD",,,,,,,-3.14053959571534,-3.15400771841541,-3.1405
"318","Zac","Smith","GCS",0,"RUC","",,,,,,,-6.42606072065662,,-6.4261
"230","Brett","Bewley","FRE",76.875,"FWD","",,,,,,,,-1.13197314704148,-1.132
"79","Cameron","Rayner","BRL",73,"FWD","",,,,"186",,,,-1.51187055136022,-1.5119
"710","Sam","Naismith","SYD",100,"RUC","",,,,,,,-0.585134276316578,,-0.5851
"638","Ryan","Abbott","STK",0,"RUC","",,,,,,,-6.42606072065662,,-6.4261
"687","Kaiden","Brand","SYD",57,"DEF","",,,,,-3.07080157435222,,,,-3.0708
"500","Aaron","vandenBerg","MEL",52.75,"FWD","MID",,,,,,-4.97381089301733,,-3.49714085780008,-3.4971
"542","Ed","Vickers-Willis","NTH",0,"DEF","",,,,,-8.3136318480119,,,,-8.3136
"380","Isaac","Cumming","GWS",52,"DEF","",,,,,-3.53069896677851,,,,-3.5307
"109","Darcy","Lang","CAR",47,"FWD","",,,,,,,,-4.06085958678918,-4.0609
"612","Ryan","Garthwaite","RIC",0,"DEF","",,,,,-8.3136318480119,,,,-8.3136
"718","Ben","Ronke","SYD",57,"FWD","",,,,,,,,-3.08047918854727,-3.0805
"476","Neville","Jetta","MEL",35.8,"DEF","",,,,,-5.02076651823968,,,,-5.0208
"118","Lochie","O'Brien","CAR",0,"MID","",,,,,,-10.2262657614633,,,-10.2263
"174","Brayden","Sier","COL",0,"MID","",,,,,,-10.2262657614633,,,-10.2263
"806","Will","Schofield","WCE",32,"DEF","",,,,,-5.37028853648366,,,,-5.3703
"132","Liam","Stocker","CAR",0,"DEF","",,,,,-8.3136318480119,,,,-8.3136
"141","Tim","Broomhead","COL",0,"FWD","MID",,,,,,-10.2262657614633,,-8.66864745852614,-8.6686
"423","Conor","Glass","HAW",0,"DEF","",,,,,-8.3136318480119,,,,-8.3136
"15","Kyle","Hartigan","ADE",54.5,"DEF","",,,,,-3.30075027056537,,,,-3.3008
"566","Kane","Farrell","PTA",70,"FWD","",,,,,,,,-1.80598467083279,-1.806
"124","Marc","Pittonet","CAR",86.8571,"RUC","",,,,"9867",,,-1.35280139796974,,-1.3528
"624","Patrick","Naish","RIC",42,"MID","",,,,,,-6.04421638753475,,,-6.0442
"457","Ben","Stratton","HAW",36.25,"DEF","",,,,,-4.97937575292132,,,,-4.9794
"158","Jack","Madgen","COL",38.5,"DEF","",,,,,-4.77242192632949,,,,-4.7724
"535","Bailey","Scott","NTH",57.5,"MID","FWD",,,,,,-4.50084102334684,,-3.03146016863517,-3.0315
"645","Dan","Butler","STK",87.5,"FWD","",,,,"33301",,,,-0.0903189739094505,-0.0903
"497","Charlie","Spargo","MEL",9,"FWD","",,,,,,,,-7.78630510010843,-7.7863
"812","Daniel","Venables","WCE",0,"FWD","",,,,,,,,-8.66864745852614,-8.6686
"769","Rhylee","West","WBD",59.6667,"FWD","",,,,,,,,-2.8190411477481,-2.819
"410","Jake","Stein","GWS",0,"DEF","",,,,,-8.3136318480119,,,,-8.3136
"820","Lynden","Dunn","COL",0,"DEF","",,,,,-8.3136318480119,,,,-8.3136
"283","Joshua","Corbett","GCS",0,"FWD","",,,,,,,,-8.66864745852614,-8.6686
"301","Ben","King","GCS",63.125,"FWD","",,,,,,,,-2.4799961946241,-2.48
"379","Aidan","Corr","GWS",83,"DEF","",,,,"9806",-0.679335133735528,,,,-0.6793
"589","Cameron","Sutcliffe","PTA",32,"FWD","",,,,,,,,-5.53143018415204,-5.5314
"137","Flynn","Appleby","COL",0,"DEF","",,,,,-8.3136318480119,,,,-8.3136
"224","Jacob","Townsend","ESS",55.1429,"FWD","",,,,,,,,-3.26254563230477,-3.2625
"32","Myles","Poholke","ADE",62.5,"FWD","",,,,,,,,-2.54126996951422,-2.5413
"299","George","Horlin-Smith","GCS",0,"DEF","MID",,,,,-8.3136318480119,-10.2262657614633,,,-8.3136
"754","Brad","Lynch","WBD",0,"DEF","",,,,,-8.3136318480119,,,,-8.3136
"434","Changkuoth","Jiath","HAW",0,"DEF","",,,,,-8.3136318480119,,,,-8.3136
"667","Jonathon","Marsh","STK",56.75,"DEF","",,,,,-3.09379644397354,,,,-3.0938
"339","Lachie","Fogarty","GEE",76,"MID","",,,,,,-2.65874784673547,,,-2.6587
"568","Joel","Garner","PTA",0,"DEF","",,,,,-8.3136318480119,,,,-8.3136
"772","Lachlan","Young","WBD",47,"DEF","",,,,,-3.9905963592048,,,,-3.9906
"399","Zac","Langdon","GWS",39.75,"FWD","",,,,,,,,-4.77163537551456,-4.7716
"814","Francis","Watson","WCE",0,"DEF","",,,,,-8.3136318480119,,,,-8.3136
"196","Brayden","Ham","ESS",57.6,"FWD","MID",,,,,,-4.49088376293273,,-3.02165636465275,-3.0217
"245","Stefan","Giro","FRE",0,"MID","",,,,,,-10.2262657614633,,,-10.2263
"164","John","Noble","COL",59.8333,"DEF","",,,,,-2.81019611795994,,,,-2.8102
"551","Joe","Atley","PTA",0,"MID","",,,,,,-10.2262657614633,,,-10.2263
"580","Sam","Mayes","PTA",77,"MID","",,,,,,-2.55917524259431,,,-2.5592
"320","Rory","Thompson","GCS",0,"DEF","",,,,,-8.3136318480119,,,,-8.3136
"62","Mitchell","Hinge","BRL",0,"MID","",,,,,,-10.2262657614633,,,-10.2263
"661","Darragh","Joyce","STK",0,"DEF","",,,,,-8.3136318480119,,,,-8.3136
"262","Lachlan","Schultz","FRE",44.875,"FWD","",,,,,,,,-4.26919042141558,-4.2692
"292","Caleb","Graham","GCS",31,"DEF","",,,,,-5.46226801496892,,,,-5.4623
"467","Kyle","Dunkley","MEL",0,"FWD","MID",,,,,,-10.2262657614633,,-8.66864745852614,-8.6686
"479","Kade","Kolodjashnij","MEL",0,"MID","",,,,,,-10.2262657614633,,,-10.2263
"213","Kobe","Mutch","ESS",0,"MID","",,,,,,-10.2262657614633,,,-10.2263
"496","Joel","Smith","MEL",53.6667,"DEF","",,,,,-3.37739676998713,,,,-3.3774
"314","Matthew","Rowell","GCS",102.4,"MID","",,,,,,-0.0300310974089718,,,-0.03
"775","Brayden","Ainsworth","WCE",44.3333,"MID","",,,,,,-5.81188363029219,,,-5.8119
"275","Noah","Anderson","GCS",66.5,"MID","",,,,,,-3.60468758607644,,,-3.6047
"508","Aiden","Bonar","NTH",49.5,"MID","FWD",,,,,,-5.29742185647608,,-3.8157644872287,-3.8158
"664","Doulton","Langlands","STK",0,"MID","",,,,,,-10.2262657614633,,,-10.2263
"38","Tyson","Stengle","ADE",50.25,"FWD","",,,,,,,,-3.74223595736056,-3.7422
"610","Derek","Eggmolesse-Smith","RIC",76.3333,"DEF","",,,,"33301",-1.29253472295319,,,,-1.2925
"470","Mitch","Hannan","MEL",66.2,"FWD","",,,,,,,,-2.17852922216471,-2.1785
"510","Tom","Campbell","NTH",36,"RUC","FWD",,,,,,,-4.3233272006942,-5.13927802485528,-4.3233
"475","Luke","Jackson","MEL",55,"RUC","",,,,,,,-3.2135511762696,,-3.2136
"466","Kade","Chandler","MEL",0,"FWD","",,,,,,,,-8.66864745852614,-8.6686
"604","Callum","Coleman-Jones","RIC",0,"RUC","FWD",,,,,,,-6.42606072065662,-8.66864745852614,-6.4261
"371","Lachlan","Ash","GWS",51.5,"DEF","MID",,,,,-3.57668870602114,-5.09827664819377,,,-3.5767
"248","Stephen","Hill","FRE",64.25,"DEF","FWD",,,,,-2.40395035533411,,,-2.36970339982189,-2.3697
"42","Patrick","Wilson","ADE",0,"MID","",,,,,,-10.2262657614633,,,-10.2263
"342","Zach","Guthrie","GEE",21,"DEF","",,,,,-6.38206279982149,,,,-6.3821
"376","Jye","Caldwell","GWS",67.75,"MID","",,,,,,-3.4802218309,,,-3.4802
"722","Dylan","Stephens","SYD",47.3333,"MID","",,,,,,-5.51316581786872,,,-5.5132
"226","Brandon","Zerk-Thatcher","ESS",49,"DEF","",,,,,-3.80663740223428,,,,-3.8066
"819","Callum","Moore","CAR",19,"FWD","",,,,,,,,-6.80592470186652,-6.8059
"25","Fischer","Mcasey","ADE",37.8571,"DEF","",,,,,-4.83155553304766,,,,-4.8316
"619","Oleg","Markov","RIC",0,"MID","",,,,,,-10.2262657614633,,,-10.2263
"498","Tom","Sparrow","MEL",0,"FWD","",,,,,,,,-8.66864745852614,-8.6686
"273","Hayden","Young","FRE",52,"DEF","",,,,,-3.53069896677851,,,,-3.5307
"296","Jacob","Heron","GCS",0,"FWD","",,,,,,,,-8.66864745852614,-8.6686
"84","Archie","Smith","BRL",36.6667,"RUC","",,,,,,,-4.28438574408979,,-4.2844
"315","Josh","Schoenfeld","GCS",0,"FWD","",,,,,,,,-8.66864745852614,-8.6686
"46","Jacob","Allison","BRL",0,"MID","",,,,,,-10.2262657614633,,,-10.2263
"263","Caleb","Serong","FRE",71,"MID","",,,,,,-3.15661086744125,,,-3.1566
"247","Liam","Henry","FRE",0,"MID","FWD",,,,,,-10.2262657614633,,-8.66864745852614,-8.6686
"241","Hugh","Dixon","FRE",0,"FWD","",,,,,,,,-8.66864745852614,-8.6686
"57","Cedric","Cox","BRL",0,"FWD","",,,,,,,,-8.66864745852614,-8.6686
"386","Tom","Green","GWS",62,"MID","",,,,,,-4.05276430471164,,,-4.0528
"10","Billy","Frampton","ADE",55,"FWD","",,,,,,,,-3.27655526819565,-3.2766
"290","Sam","Flanders","GCS",0,"MID","FWD",,,,,,-10.2262657614633,,-8.66864745852614,-8.6686
"480","Kysaiah","Kropinyeri-Pickett","MEL",48.1667,"FWD","",,,,,,,,-3.94647860572629,-3.9465
"744","Fergus","Greene","WBD",0,"FWD","",,,,,,,,-8.66864745852614,-8.6686
"58","Matt","Eagles","BRL",0,"DEF","",,,,,-8.3136318480119,,,,-8.3136
"544","Will","Walker","NTH",0,"FWD","",,,,,,,,-8.66864745852614,-8.6686
"420","Will","Day","HAW",72.3333,"DEF","",,,,,-1.66045263689422,,,,-1.6605
"4","Ben","Crocker","ADE",49.5,"FWD","",,,,,,,,-3.8157644872287,-3.8158
"531","Tom","Murphy","NTH",35,"DEF","",,,,,-5.09435010102789,,,,-5.0944
"530","Ben","McKay","NTH",78,"DEF","",,,,,-1.13923252616182,,,,-1.1392
"552","Miles","Bergman","PTA",0,"FWD","",,,,,,,,-8.66864745852614,-8.6686
"332","Nakia","Cockatoo","GEE",0,"MID","FWD",,,,,,-10.2262657614633,,-8.66864745852614,-8.6686
"87","Brandon","Starcevich","BRL",56,"DEF","MID",,,,,-3.16278105283748,-4.65019992955857,,,-3.1628
"135","Tom","Williamson","CAR",50.6667,"DEF","",,,,,-3.6533352054429,,,,-3.6533
"768","Cody","Weightman","WBD",38.5,"FWD","",,,,,,,,-4.8941829252948,-4.8942
"826","Jamaine","Jones","WCE",48.5,"FWD","",,,,,,,,-3.91380252705289,-3.9138
"394","Connor","Idun","GWS",0,"DEF","",,,,,-8.3136318480119,,,,-8.3136
"558","Wylie","Buzza","PTA",0,"FWD","",,,,,,,,-8.66864745852614,-8.6686
"234","Jason","Carter","FRE",0,"DEF","",,,,,-8.3136318480119,,,,-8.3136
"364","Cooper","Stephens","GEE",0,"MID","",,,,,,-10.2262657614633,,,-10.2263
"126","Cameron","Polson","CAR",0,"FWD","",,,,,,,,-8.66864745852614,-8.6686
"742","Ryan","Gardner","WBD",36.5,"FWD","",,,,,,,,-5.09025900494318,-5.0903
"106","Brodie","Kemp","CAR",0,"MID","",,,,,,-10.2262657614633,,,-10.2263
"521","Kyron","Hayden","NTH",51.2857,"MID","",,,,,,-5.11961505726122,,,-5.1196
"778","Jarrod","Brander","WCE",60.25,"DEF","FWD",,,,,-2.77186826927514,,,-2.76185555911865,-2.7619
"569","Mitchell","Georgiades","PTA",82,"FWD","",,,,,,,,-0.6295281929425,-0.6295
"103","Hugh","Goddard","CAR",0,"DEF","",,,,,-8.3136318480119,,,,-8.3136
"685","James","Bell","SYD",54,"FWD","MID",,,,,,-4.84934513784088,,-3.37459330801984,-3.3746
"409","Zach","Sproule","GWS",0,"FWD","",,,,,,,,-8.66864745852614,-8.6686
"336","Sam","De Koning","GEE",0,"DEF","",,,,,-8.3136318480119,,,,-8.3136
"104","Josh","Honey","CAR",0,"MID","FWD",,,,,,-10.2262657614633,,-8.66864745852614,-8.6686
"3","Jordon","Butts","ADE",0,"DEF","",,,,,-8.3136318480119,,,,-8.3136
"7","Ben","Davis","ADE",51,"FWD","",,,,,,,,-3.66870742749241,-3.6687
"14","William","Hamill","ADE",48.6667,"DEF","",,,,,-3.83729416241342,,,,-3.8373
"24","Shane","McAdam","ADE",50.8,"FWD","",,,,,,,,-3.68831503545725,-3.6883
"26","Ned","McHenry","ADE",37.8333,"MID","",,,,,,-6.4591055572097,,,-6.4591
"27","Andrew","McPherson","ADE",72.6667,"DEF","",,,,,-1.62978667876724,,,,-1.6298
"35","Lachlan","Sholl","ADE",0,"DEF","",,,,,-8.3136318480119,,,,-8.3136
"39","Kieran","Strachan","ADE",0,"RUC","FWD",,,,,,,-6.42606072065662,-8.66864745852614,-6.4261
"50","Connor","Ballenden","BRL",0,"FWD","",,,,,,,,-8.66864745852614,-8.6686
"52","Thomas","Berry","BRL",43.8333,"FWD","",,,,,,,,-4.37131664750044,-4.3713
"60","Thomas","Fullarton","BRL",0,"FWD","",,,,,,,,-8.66864745852614,-8.6686
"64","Tom","Joyce","BRL",0,"FWD","MID",,,,,,-10.2262657614633,,-8.66864745852614,-8.6686
"68","James","Madden","BRL",0,"DEF","FWD",,,,,-8.3136318480119,,,-8.66864745852614,-8.3136
"73","Connor","McFadyen","BRL",0,"FWD","",,,,,,,,-8.66864745852614,-8.6686
"77","Jack","Payne","BRL",0,"DEF","",,,,,-8.3136318480119,,,,-8.3136
"86","Ely","Smith","BRL",0,"FWD","MID",,,,,,-10.2262657614633,,-8.66864745852614,-8.6686
"89","Toby","Wooller","BRL",0,"FWD","MID",,,,,,-10.2262657614633,,-8.66864745852614,-8.6686
"93","Matthew","Cottrell","CAR",0,"DEF","",,,,,-8.3136318480119,,,,-8.3136
"98","Tom","De Koning","CAR",0,"RUC","",,,,,,,-6.42606072065662,,-6.4261
"110","Harrison","Macreadie","CAR",0,"DEF","",,,,,-8.3136318480119,,,,-8.3136
"119","Finbar","O'Dwyer","CAR",0,"FWD","",,,,,,,,-8.66864745852614,-8.6686
"120","Matthew","Owies","CAR",0,"FWD","",,,,,,,,-8.66864745852614,-8.6686
"129","Ben","Silvagni","CAR",0,"DEF","",,,,,-8.3136318480119,,,,-8.3136
"140","Atu","Bosenavulagi","COL",32.6667,"FWD","",,,,,,,,-5.46606822300125,-5.4661
"143","Tyler","Brown","COL",52.2,"MID","",,,,,,-5.02857582529496,,,-5.0286
"144","Darcy","Cameron","COL",64.3333,"RUC","FWD",,,,,,,-2.66839998844001,-2.36153683110453,-2.3615
"154","Mark","Keane","COL",0,"DEF","",,,,,-8.3136318480119,,,,-8.3136
"155","Will","Kelly","COL",36,"FWD","",,,,,,,,-5.13927802485528,-5.1393
"157","Max","Lynch","COL",0,"RUC","",,,,,,,-6.42606072065662,,-6.4261
"163","Nathan","Murphy","COL",0,"DEF","",,,,,-8.3136318480119,,,,-8.3136
"177","Anton","Tohill","COL",0,"FWD","",,,,,,,,-8.66864745852614,-8.6686
"190","Sam","Draper","ESS",0,"RUC","",,,,,,,-6.42606072065662,,-6.4261
"194","Noah","Gown","ESS",0,"FWD","",,,,,,,,-8.66864745852614,-8.6686
"212","Irving","Mosquito","ESS",0,"FWD","",,,,,,,,-8.66864745852614,-8.6686
"255","Lloyd","Meek","FRE",0,"RUC","",,,,,,,-6.42606072065662,,-6.4261
"258","Dillon","O'Reilly","FRE",0,"DEF","",,,,,-8.3136318480119,,,,-8.3136
"264","Sam","Sturt","FRE",61.6667,"FWD","",,,,,,,,-2.62296506809972,-2.623
"269","Luke","Valente","FRE",0,"MID","",,,,,,-10.2262657614633,,,-10.2263
"271","Tobe","Watson","FRE",49,"DEF","",,,,,-3.80663740223428,,,,-3.8066
"291","Sam","Fletcher","GCS",0,"MID","",,,,,,-10.2262657614633,,,-10.2263
"305","Jez","McLennan","GCS",0,"DEF","",,,,,-8.3136318480119,,,,-8.3136
"311","Izak","Rankine","GCS",89.6667,"FWD","",,,,"33301",,,,0.122100046977624,0.1221
"312","Mitchell","Riordan","GCS",0,"MID","",,,,,,-10.2262657614633,,,-10.2263
"346","Ben","Jarvis","GEE",0,"DEF","",,,,,-8.3136318480119,,,,-8.3136
"348","Jacob","Kennerley","GEE",0,"DEF","",,,,,-8.3136318480119,,,,-8.3136
"350","Nathan","Kreuger","GEE",0,"FWD","",,,,,,,,-8.66864745852614,-8.6686
"355","Stefan","Okunbor","GEE",0,"DEF","",,,,,-8.3136318480119,,,,-8.3136
"360","Blake","Schlensog","GEE",0,"FWD","",,,,,,,,-8.66864745852614,-8.6686
"362","Sam","Simpson","GEE",79.6667,"MID","",,,,"33301",,-2.2936449791311,,,-2.2936
"368","Jake","Tarca","GEE",0,"FWD","",,,,,,,,-8.66864745852614,-8.6686
"372","Kieren","Briggs","GWS",0,"DEF","FWD",,,,,-8.3136318480119,,,-8.66864745852614,-8.3136
"373","Callum M.","Brown","GWS",0,"DEF","",,,,,-8.3136318480119,,,,-8.3136
"374","Jack","Buckley","GWS",0,"FWD","MID",,,,,,-10.2262657614633,,-8.66864745852614,-8.6686
"385","Matthew","Flynn","GWS",0,"RUC","",,,,,,,-6.42606072065662,,-6.4261
"402","Xavier","O'Halloran","GWS",0,"MID","",,,,,,-10.2262657614633,,,-10.2263
"408","Nick","Shipley","GWS",0,"MID","",,,,,,-10.2262657614633,,,-10.2263
"424","Will","Golds","HAW",0,"FWD","MID",,,,,,-10.2262657614633,,-8.66864745852614,-8.6686
"425","Damon","Greaves","HAW",0,"DEF","",,,,,-8.3136318480119,,,,-8.3136
"435","Harrison","Jones","HAW",54,"MID","",,,,,,-4.84934513784088,,,-4.8493
"436","Jacob","Koschitzke","HAW",0,"DEF","",,,,,-8.3136318480119,,,,-8.3136
"450","Ned","Reeves","HAW",0,"RUC","",,,,,,,-6.42606072065662,,-6.4261
"451","Jackson","Ross","HAW",0,"FWD","",,,,,,,,-8.66864745852614,-8.6686
"458","Mathew","Walker","HAW",0,"FWD","",,,,,,,,-8.66864745852614,-8.6686
"462","Toby","Bedford","MEL",39,"FWD","",,,,,,,,-4.8451639053827,-4.8452
"463","Austin","Bradtke","MEL",0,"RUC","",,,,,,,-6.42606072065662,,-6.4261
"478","James","Jordon","MEL",0,"MID","",,,,,,-10.2262657614633,,,-10.2263
"489","Aaron","Nietschke","MEL",0,"MID","",,,,,,-10.2262657614633,,,-10.2263
"512","Joel","Crocker","NTH",0,"DEF","",,,,,-8.3136318480119,,,,-8.3136
"523","Lachlan","Hosie","NTH",0,"FWD","",,,,,,,,-8.66864745852614,-8.6686
"538","Curtis","Taylor","NTH",60.75,"FWD","",,,,,,,,-2.71283653920655,-2.7128
"547","Tristan","Xerri","NTH",48,"RUC","FWD",,,,,,,-3.6224160273734,-3.96282154696499,-3.6224
"561","Tobin","Cox","PTA",0,"FWD","",,,,,,,,-8.66864745852614,-8.6686
"567","Martin","Frederick","PTA",0,"DEF","",,,,,-8.3136318480119,,,,-8.3136
"573","Sam","Hayes","PTA",0,"RUC","",,,,,,,-6.42606072065662,,-6.4261
"585","Jake","Patmore","PTA",0,"FWD","MID",,,,,,-10.2262657614633,,-8.66864745852614,-8.6686
"595","Jake","Aarts","RIC",50.75,"FWD","",,,,,,,,-3.69321693744846,-3.6932
"605","Riley","Collier-Dawkins","RIC",0,"MID","",,,,,,-10.2262657614633,,,-10.2263
"611","Luke","English","RIC",0,"FWD","MID",,,,,,-10.2262657614633,,-8.66864745852614,-8.6686
"623","Ben","Miller","RIC",0,"DEF","",,,,,-8.3136318480119,,,,-8.3136
"627","Marlion","Pickett","RIC",68.3333,"MID","",,,,,,-3.42214113090447,,,-3.4221
"636","Fraser","Turner","RIC",0,"MID","",,,,,,-10.2262657614633,,,-10.2263
"639","Sam","Alabakis","STK",0,"RUC","",,,,,,,-6.42606072065662,,-6.4261
"647","Jack","Bytel","STK",0,"MID","",,,,,,-10.2262657614633,,,-10.2263
"650","Oscar","Clavarino","STK",0,"DEF","",,,,,-8.3136318480119,,,,-8.3136
"663","Max","King","STK",58.375,"FWD","",,,,,,,,-2.94567688378901,-2.9457
"669","Jack","Mayo","STK",0,"FWD","",,,,,,,,-8.66864745852614,-8.6686
"684","Joel","Amartey","SYD",0,"RUC","",,,,,,,-6.42606072065662,,-6.4261
"692","Zac","Foot","SYD",0,"FWD","MID",,,,,,-10.2262657614633,,-8.66864745852614,-8.6686
"701","Michael","Knoll","SYD",0,"RUC","",,,,,,,-6.42606072065662,,-6.4261
"702","Matthew","Ling","SYD",47,"DEF","",,,,,-3.9905963592048,,,,-3.9906
"706","Justin","McInerney","SYD",63.5,"MID","",,,,,,-3.90340539849991,,,-3.9034
"717","Harry","Reynolds","SYD",0,"DEF","",,,,,-8.3136318480119,,,,-8.3136
"723","Ryley","Stoddart","SYD",42,"DEF","",,,,,-4.45049375163109,,,,-4.4505
"728","Samuel","Wicks","SYD",0,"MID","",,,,,,-10.2262657614633,,,-10.2263
"732","Ben","Cavarra","WBD",32,"FWD","",,,,,,,,-5.53143018415204,-5.5314
"750","Buku","Khamis","WBD",0,"DEF","",,,,,-8.3136318480119,,,,-8.3136
"758","Callum","Porter","WBD",39,"MID","",,,,,,-6.34293419995821,,,-6.3429
"764","Jordon","Sweet","WBD",0,"RUC","",,,,,,,-6.42606072065662,,-6.4261
"766","Laitham","Vandermeer","WBD",60.1429,"FWD","MID",,,,,,-4.23768058786218,,-2.77235543318382,-2.7724
"785","Harry","Edwards","WCE",0,"DEF","",,,,,-8.3136318480119,,,,-8.3136
"786","Luke","Foley","WCE",0,"DEF","",,,,,-8.3136318480119,,,,-8.3136
"800","Xavier","O'Neill","WCE",0,"MID","",,,,,,-10.2262657614633,,,-10.2263
"815","Bailey J.","Williams","WCE",0,"DEF","RUC",,,,,-8.3136318480119,,-6.42606072065662,,-6.4261
"817","Harley","Bennell","MEL",56.25,"MID","",,,,,,-4.62530677852329,,,-4.6253
"720","Brady","Rowles","SYD",0,"DEF","MID",,,,,-8.3136318480119,-10.2262657614633,,,-8.3136
"642","Jack","Bell","STK",0,"RUC","",,,,,,,-6.42606072065662,,-6.4261
"123","Sam","Philp","CAR",45.5,"MID","",,,,,,-5.6957122730407,,,-5.6957
"260","Jarvis","Pina","FRE",0,"DEF","MID",,,,,-8.3136318480119,-10.2262657614633,,,-8.3136
"584","Jake","Pasini","PTA",0,"DEF","",,,,,-8.3136318480119,,,,-8.3136
"13","Lachlan","Gollant","ADE",0,"DEF","MID",,,,,-8.3136318480119,-10.2262657614633,,,-8.3136
"31","Ronin","O'Connor","ADE",0,"MID","",,,,,,-10.2262657614633,,,-10.2263
"33","Harry","Schoenberg","ADE",0,"MID","",,,,,,-10.2262657614633,,,-10.2263
"43","Joshua","Worrell","ADE",0,"DEF","FWD",,,,,-8.3136318480119,,,-8.66864745852614,-8.3136
"56","Keidean","Coleman","BRL",0,"MID","FWD",,,,,,-10.2262657614633,,-8.66864745852614,-8.6686
"78","Jaxon","Prior","BRL",0,"DEF","",,,,,-8.3136318480119,,,,-8.3136
"81","Deven","Robertson","BRL",47,"MID","",,,,,,-5.54635336682897,,,-5.5464
"85","Brock","Smith","BRL",0,"DEF","",,,,,-8.3136318480119,,,,-8.3136
"127","Sam","Ramsay","CAR",0,"MID","",,,,,,-10.2262657614633,,,-10.2263
"139","Trent","Bianco","COL",0,"DEF","MID",,,,,-8.3136318480119,-10.2262657614633,,,-8.3136
"168","Jay","Rantall","COL",0,"MID","",,,,,,-10.2262657614633,,,-10.2263
"171","Trey","Ruscoe","COL",0,"DEF","MID",,,,,-8.3136318480119,-10.2262657614633,,,-8.3136
"185","Nick","Bryan","ESS",0,"RUC","",,,,,,,-6.42606072065662,,-6.4261
"186","Ned","Cahill","ESS",39.5,"MID","FWD",,,,,,-6.29314789788764,,-4.79614488547061,-4.7961
"201","Lachlan","Johnson","ESS",0,"MID","FWD",,,,,,-10.2262657614633,,-8.66864745852614,-8.6686
"202","Harrison","Jones","ESS",0,"FWD","",,,,,,,,-8.66864745852614,-8.6686
"243","Minairo","Frederick","FRE",30.5,"FWD","",,,,,,,,-5.67848724388833,-5.6785
"288","Jy","Farrar","GCS",0,"FWD","",,,,,,,,-8.66864745852614,-8.6686
"317","Jeremy","Sharp","GCS",0,"MID","",,,,,,-10.2262657614633,,,-10.2263
"338","Francis","Evans","GEE",0,"FWD","",,,,,,,,-8.66864745852614,-8.6686
"367","Cameron","Taheny","GEE",0,"FWD","",,,,,,,,-8.66864745852614,-8.6686
"393","Tom","Hutchesson","GWS",0,"MID","FWD",,,,,,-10.2262657614633,,-8.66864745852614,-8.6686
"405","Jake","Riccardi","GWS",0,"FWD","",,,,,,,,-8.66864745852614,-8.6686
"438","Finn","Maginness","HAW",0,"MID","",,,,,,-10.2262657614633,,,-10.2263
"442","Josh","Morris","HAW",29.3333,"FWD","",,,,,,,,-5.79286822495121,-5.7929
"494","Trent","Rivers","MEL",47,"DEF","MID",,,,,-3.9905963592048,-5.54635336682897,,,-3.9906
"511","Charlie","Comben","NTH",0,"RUC","FWD",,,,,,,-6.42606072065662,-8.66864745852614,-6.4261
"527","Jack","Mahony","NTH",46.2,"MID","FWD",,,,,,-5.6260114501419,,-4.13929001864853,-4.1393
"532","Flynn","Perez","NTH",0,"DEF","",,,,,-8.3136318480119,,,,-8.3136
"582","Jackson","Mead","PTA",0,"MID","",,,,,,-10.2262657614633,,,-10.2263
"592","Dylan","Williams","PTA",0,"MID","FWD",,,,,,-10.2262657614633,,-8.66864745852614,-8.6686
"607","Noah","Cumberland","RIC",0,"MID","FWD",,,,,,-10.2262657614633,,-8.66864745852614,-8.6686
"608","Thomson","Dow","RIC",0,"MID","",,,,,,-10.2262657614633,,,-10.2263
"621","Will","Martyn","RIC",0,"MID","",,,,,,-10.2262657614633,,,-10.2263
"626","Bigoa","Nyuon","RIC",0,"DEF","RUC",,,,,-8.3136318480119,,-6.42606072065662,,-6.4261
"629","Hugo","Ralphsmith","RIC",0,"MID","FWD",,,,,,-10.2262657614633,,-8.66864745852614,-8.6686
"646","Ryan","Byrnes","STK",22,"MID","",,,,,,-8.03566847035785,,,-8.0357
"652","Leo","Connolly","STK",0,"DEF","MID",,,,,-8.3136318480119,-10.2262657614633,,,-8.3136
"695","Will","Gould","SYD",0,"DEF","",,,,,-8.3136318480119,,,,-8.3136
"724","Elijah","Taylor","SYD",47,"MID","FWD",,,,,,-5.54635336682897,,-4.06085958678918,-4.0609
"727","Chad","Warner","SYD",33.5,"MID","",,,,,,-6.89058352273457,,,-6.8906
"731","Louis","Butler","WBD",51,"DEF","MID",,,,,-3.62267844526377,-5.14806295026435,,,-3.6227
"741","Riley","Garcia","WBD",0,"MID","",,,,,,-10.2262657614633,,,-10.2263
"791","Callum","Jamieson","WCE",0,"RUC","",,,,,,,-6.42606072065662,,-6.4261
"793","Ben","Johnson","WCE",0,"DEF","",,,,,-8.3136318480119,,,,-8.3136
"823","Darren","Minchington","HAW",51.5,"FWD","",,,,,,,,-3.61968840758032,-3.6197
"824","Keegan","Brooksby","HAW",55,"RUC","",,,,,,,-3.2135511762696,,-3.2136
"433","Emerson","Jeka","HAW",0,"FWD","",,,,,,,,-8.66864745852614,-8.6686
"198","Mitchell","Hibberd","ESS",60.25,"MID","",,,,,,-4.22701636195866,,,-4.227
"810","Anthony","Treacy","WCE",0,"FWD","",,,,,,,,-8.66864745852614,-8.6686
"83","Sam","Skinner","BRL",0,"FWD","",,,,,,,,-8.66864745852614,-8.6686
"331","Bradley","Close","GEE",74,"MID","FWD",,,,,,-2.85789305501778,,-1.41383251153603,-1.4138
"279","Connor","Budarick","GCS",51.75,"MID","FWD",,,,,,-5.07338349715848,,-3.59517889762427,-3.5952
"122","Fraser","Phillips","CAR",0,"FWD","",,,,,,,,-8.66864745852614,-8.6686
"704","Jack","Maibaum","SYD",0,"DEF","",,,,,-8.3136318480119,,,,-8.3136
"66","Corey","Lyons","BRL",0,"MID","",,,,,,-10.2262657614633,,,-10.2263
"181","Thomas","Wilson","COL",0,"FWD","",,,,,,,,-8.66864745852614,-8.6686
"205","Cian","McBride","ESS",0,"DEF","",,,,,-8.3136318480119,,,,-8.3136
"210","Ross","McQuillan","ESS",0,"DEF","FWD",,,,,-8.3136318480119,,,-8.66864745852614,-8.3136
"233","Isaiah","Butters","FRE",0,"FWD","",,,,,,,,-8.66864745852614,-8.6686
"257","Tom","North","FRE",0,"MID","",,,,,,-10.2262657614633,,,-10.2263
"267","Leno","Thomas","FRE",0,"DEF","",,,,,-8.3136318480119,,,,-8.3136
"282","Matthew","Conroy","GCS",0,"RUC","",,,,,,,-6.42606072065662,,-6.4261
"309","Patrick","Murtagh","GCS",0,"FWD","",,,,,,,,-8.66864745852614,-8.6686
"313","Malcolm","Rosas","GCS",0,"FWD","",,,,,,,,-8.66864745852614,-8.6686
"321","Luke","Towey","GCS",0,"DEF","",,,,,-8.3136318480119,,,,-8.3136
"329","Oscar","Brownless","GEE",0,"FWD","",,,,,,,,-8.66864745852614,-8.6686
"448","Harrison","Pepper","HAW",0,"DEF","",,,,,-8.3136318480119,,,,-8.3136
"529","Matthew","McGuinness","NTH",0,"DEF","",,,,,-8.3136318480119,,,,-8.3136
"555","Trent","Burgoyne","PTA",0,"FWD","",,,,,,,,-8.66864745852614,-8.6686
"571","Riley","Grundy","PTA",0,"DEF","",,,,,-8.3136318480119,,,,-8.3136
"594","Boyd","Woodcock","PTA",0,"FWD","",,,,,,,,-8.66864745852614,-8.6686
"711","Barry","O'Connor","SYD",0,"DEF","FWD",,,,,-8.3136318480119,,,-8.66864745852614,-8.3136
"779","Hamish","Brayshaw","WCE",0,"MID","",,,,,,-10.2262657614633,,,-10.2263
"799","Mitchell","O'Neill","WCE",0,"MID","",,,,,,-10.2262657614633,,,-10.2263
"818","Ayce","Taylor","ADE",0,"DEF","",,,,,-8.3136318480119,,,,-8.3136
"821","Henry","Crauford","ESS",0,"RUC","",,,,,,,-6.42606072065662,,-6.4261
"822","Tom","Hird","ESS",0,"MID","",,,,,,-10.2262657614633,,,-10.2263
"825","Nicholas","Reid","WCE",0,"FWD","",,,,,,,,-8.66864745852614,-8.6686
